2002,   7,  13,  38.725,   8.997,  -1.000,   0.236,   0.012,
2002,   7,  15,  38.725,   8.997,  -1.000,   0.571,  -1.000,
2002,   7,  20,  38.725,   8.997,  -1.000,   0.478,   0.093,
2002,   8,   9,  38.725,   8.997,  -1.000,   0.188,  -1.000,
2002,   8,  14,  38.725,   8.997,  -1.000,   0.314,   0.015,
2002,   9,   6,  38.725,   8.997,  -1.000,   0.219,  -1.000,
2002,   9,   9,  38.725,   8.997,  -1.000,   0.219,  -1.000,
2002,   9,  20,  38.725,   8.997,  -1.000,   0.255,  -1.000,
2002,   9,  26,  38.725,   8.997,  -1.000,   0.184,   0.012,
2002,  10,   1,  38.725,   8.997,  -0.040,   0.084,   0.028,
2002,  10,   3,  38.725,   8.997,  -1.000,   0.121,   0.023,
2002,  10,   8,  38.725,   8.997,   0.000,   0.132,   0.023,
2002,  10,  12,  38.725,   8.997,  -1.000,   0.167,  -1.000,
2002,  10,  15,  38.725,   8.997,  -1.000,   0.205,   0.004,
2002,  10,  19,  38.725,   8.997,  -1.000,   0.160,   0.013,
2002,  10,  21,  38.725,   8.997,  -1.000,   0.155,  -1.000,
2002,  10,  26,  38.725,   8.997,   0.100,   0.069,   0.048,
2002,  10,  27,  38.725,   8.997,   0.050,   0.089,   0.052,
2002,  10,  31,  38.725,   8.997,   0.030,   0.185,   0.092,
2002,  11,   2,  38.725,   8.997,   0.030,   0.140,   0.064,
2002,  11,   3,  38.725,   8.997,  -1.000,   0.144,   0.014,
2002,  11,   4,  38.725,   8.997,   0.060,   0.067,   0.045,
2002,  11,   7,  38.725,   8.997,  -1.000,   0.115,   0.044,
2002,  11,   8,  38.725,   8.997,   0.040,   0.072,   0.033,
2002,  11,   9,  38.725,   8.997,   0.050,   0.097,   0.074,
2002,  11,  11,  38.725,   8.997,   0.020,   0.087,   0.075,
2002,  11,  12,  38.725,   8.997,  -1.000,   0.255,   0.033,
2002,  11,  13,  38.725,   8.997,  -1.000,   0.165,   0.028,
2002,  11,  14,  38.725,   8.997,  -1.000,   0.209,   0.053,
2002,  11,  16,  38.725,   8.997,  -1.000,   0.224,   0.146,
2002,  11,  18,  38.725,   8.997,   0.120,   0.149,   0.069,
2002,  11,  19,  38.725,   8.997,  -1.000,   0.175,   0.015,
2002,  11,  20,  38.725,   8.997,   0.080,   0.107,   0.060,
2002,  11,  23,  38.725,   8.997,   0.180,   0.240,   0.077,
2002,  11,  24,  38.725,   8.997,  -1.000,   0.194,   0.002,
2002,  11,  25,  38.725,   8.997,   0.230,   0.293,   0.057,
2002,  11,  27,  38.725,   8.997,   0.050,   0.119,   0.081,
2002,  11,  29,  38.725,   8.997,   0.130,   0.198,   0.064,
2002,  11,  30,  38.725,   8.997,  -1.000,   0.265,   0.073,
2002,  12,   4,  38.725,   8.997,  -0.010,   0.096,   0.089,
2002,  12,   6,  38.725,   8.997,  -1.000,   0.143,   0.022,
2002,  12,   7,  38.725,   8.997,   0.120,   0.125,  -1.000,
2002,  12,   9,  38.725,   8.997,  -1.000,   0.120,  -1.000,
2002,  12,  13,  38.725,   8.997,  -1.000,   0.093,   0.035,
2002,  12,  25,  38.725,   8.997,   0.300,   0.258,   0.082,
2003,   1,   5,  38.725,   8.997,  -1.000,   0.173,   0.190,
2003,   1,   7,  38.725,   8.997,   0.130,   0.095,   0.050,
2003,   1,   9,  38.725,   8.997,   0.200,   0.189,   0.016,
2003,   1,  10,  38.725,   8.997,  -0.030,   0.125,   0.066,
2003,   1,  11,  38.725,   8.997,  -1.000,   0.094,   0.010,
2003,   1,  12,  38.725,   8.997,   0.040,   0.084,   0.085,
2003,   1,  14,  38.725,   8.997,  -0.020,   0.096,   0.072,
2003,   1,  15,  38.725,   8.997,  -1.000,   0.161,   0.065,
2003,   1,  16,  38.725,   8.997,  -1.000,   0.201,   0.107,
2003,   1,  23,  38.725,   8.997,  -1.000,   0.079,  -1.000,
2003,   1,  30,  38.725,   8.997,   0.010,   0.069,   0.067,
2003,   1,  31,  38.725,   8.997,  -1.000,   0.027,   0.028,
2003,   2,   1,  38.725,   8.997,   0.010,   0.025,   0.029,
2003,   2,   2,  38.725,   8.997,  -1.000,   0.060,   0.060,
2003,   2,   3,  38.725,   8.997,   0.060,   0.081,   0.028,
2003,   2,   4,  38.725,   8.997,  -1.000,   0.216,  -1.000,
2003,   2,   8,  38.725,   8.997,   0.150,   0.218,   0.070,
2003,   2,   9,  38.725,   8.997,  -1.000,   0.154,   0.059,
2003,   2,  10,  38.725,   8.997,  -1.000,   0.251,   0.052,
2003,   2,  13,  38.725,   8.997,  -1.000,   0.419,  -1.000,
2003,   2,  15,  38.725,   8.997,   0.120,   0.238,   0.090,
2003,   2,  17,  38.725,   8.997,  -1.000,   0.020,   0.005,
2003,   2,  22,  38.725,   8.997,  -1.000,   0.256,  -1.000,
2003,   2,  24,  38.725,   8.997,  -1.000,   0.308,  -1.000,
2003,   3,   3,  38.725,   8.997,  -1.000,   0.258,  -1.000,
2003,   3,   5,  38.725,   8.997,  -1.000,   0.139,   0.064,
2003,   3,   6,  38.725,   8.997,  -1.000,   0.057,   0.060,
2003,   3,   7,  38.725,   8.997,   0.030,   0.039,   0.034,
2003,   3,   8,  38.725,   8.997,  -1.000,   0.125,   0.164,
2003,   3,  10,  38.725,   8.997,  -1.000,   0.067,   0.084,
2003,   3,  12,  38.725,   8.997,   0.130,   0.104,   0.061,
2003,   4,   4,  38.725,   8.997,  -1.000,   0.076,   0.045,
2003,   4,   5,  38.725,   8.997,   0.000,   0.107,  -1.000,
2003,   4,   6,  38.725,   8.997,  -0.010,   0.095,   0.073,
2003,   4,   7,  38.725,   8.997,  -1.000,   0.125,   0.031,
2003,   4,   8,  38.725,   8.997,  -1.000,   0.236,  -1.000,
2003,   5,   6,  38.725,   8.997,  -1.000,   0.275,  -1.000,
2003,   5,  18,  38.725,   8.997,  -1.000,   0.157,  -1.000,
2003,   5,  20,  38.725,   8.997,   0.290,   0.129,   0.095,
2003,   5,  25,  38.725,   8.997,  -1.000,   0.106,   0.066,
2003,   5,  26,  38.725,   8.997,  -1.000,   0.123,   0.010,
2003,   5,  29,  38.725,   8.997,  -1.000,   0.329,  -1.000,
2003,   5,  30,  38.725,   8.997,  -1.000,   0.148,  -1.000,
2003,   6,   3,  38.725,   8.997,  -1.000,   0.235,  -1.000,
2003,   6,  14,  38.725,   8.997,  -1.000,   0.406,  -1.000,
2003,   6,  21,  38.725,   8.997,   0.350,   0.291,   0.059,
2003,   7,  14,  38.725,   8.997,  -1.000,   0.692,  -1.000,
2003,   8,   3,  38.725,   8.997,   0.290,   0.391,   0.106,
2003,   8,  27,  38.725,   8.997,  -1.000,   0.218,   0.028,
2003,   9,   9,  38.725,   8.997,  -1.000,   0.442,  -1.000,
2003,  10,   4,  38.725,   8.997,  -1.000,   0.195,   0.011,
2003,  10,   6,  38.725,   8.997,  -1.000,   0.089,  -1.000,
2003,  10,   9,  38.725,   8.997,  -1.000,   0.234,   0.004,
2003,  10,  10,  38.725,   8.997,  -1.000,   0.210,  -1.000,
2003,  10,  14,  38.725,   8.997,  -1.000,   0.206,  -1.000,
2003,  10,  15,  38.725,   8.997,   0.030,   0.072,   0.041,
2003,  10,  16,  38.725,   8.997,   0.000,   0.086,   0.052,
2003,  10,  22,  38.725,   8.997,  -0.040,   0.047,   0.021,
2003,  10,  23,  38.725,   8.997,  -0.030,   0.079,   0.052,
2003,  10,  24,  38.725,   8.997,   0.100,   0.101,   0.007,
2003,  10,  25,  38.725,   8.997,  -0.020,   0.110,   0.057,
2003,  10,  26,  38.725,   8.997,  -1.000,   0.108,   0.004,
2003,  10,  27,  38.725,   8.997,   0.040,   0.111,   0.057,
2003,  11,   2,  38.725,   8.997,  -1.000,   0.128,  -1.000,
2003,  11,   3,  38.725,   8.997,  -1.000,   0.114,   0.082,
2003,  11,   5,  38.725,   8.997,  -1.000,   0.217,  -1.000,
2003,  11,   6,  38.725,   8.997,  -1.000,   0.175,  -1.000,
2003,  11,   7,  38.725,   8.997,  -1.000,   0.219,  -1.000,
2003,  11,  14,  38.725,   8.997,  -1.000,   0.135,   0.034,
2003,  11,  16,  38.725,   8.997,  -1.000,   0.095,   0.057,
2003,  11,  17,  38.725,   8.997,   0.080,   0.119,   0.054,
2003,  11,  18,  38.725,   8.997,  -1.000,   0.080,   0.025,
2003,  11,  19,  38.725,   8.997,   0.000,   0.111,   0.094,
2003,  11,  21,  38.725,   8.997,  -1.000,   0.079,   0.069,
2003,  11,  23,  38.725,   8.997,   0.060,   0.073,   0.031,
2003,  11,  24,  38.725,   8.997,  -1.000,   0.209,   0.026,
2003,  11,  25,  38.725,   8.997,  -1.000,   0.101,   0.031,
2003,  11,  26,  38.725,   8.997,   0.030,   0.122,   0.109,
2003,  11,  27,  38.725,   8.997,  -1.000,   0.148,   0.015,
2003,  11,  30,  38.725,   8.997,  -1.000,   0.090,  -1.000,
2003,  12,   3,  38.725,   8.997,   0.060,   0.062,   0.004,
2003,  12,   5,  38.725,   8.997,  -1.000,   0.089,  -1.000,
2003,  12,  11,  38.725,   8.997,  -1.000,   0.075,   0.035,
2003,  12,  12,  38.725,   8.997,  -1.000,   0.104,   0.068,
2003,  12,  13,  38.725,   8.997,  -1.000,   0.053,   0.013,
2003,  12,  14,  38.725,   8.997,  -0.010,   0.125,   0.042,
2003,  12,  16,  38.725,   8.997,   0.150,   0.081,   0.042,
2003,  12,  18,  38.725,   8.997,   0.110,   0.137,   0.033,
2003,  12,  23,  38.725,   8.997,  -0.040,   0.077,   0.056,
2003,  12,  25,  38.725,   8.997,   0.010,   0.063,   0.056,
2003,  12,  26,  38.725,   8.997,  -1.000,   0.072,   0.076,
2003,  12,  27,  38.725,   8.997,  -1.000,   0.059,   0.040,
2003,  12,  30,  38.725,   8.997,   0.060,   0.148,   0.089,
2004,   1,   1,  38.725,   8.997,   0.070,   0.118,   0.050,
2004,   1,   2,  38.725,   8.997,   0.170,   0.178,   0.005,
2004,   1,   3,  38.725,   8.997,  -1.000,   0.224,   0.020,
2004,   1,   4,  38.725,   8.997,  -1.000,   0.152,   0.058,
2004,   1,   6,  38.725,   8.997,   0.160,   0.160,   0.048,
2004,   1,   8,  38.725,   8.997,   0.180,   0.140,   0.084,
2004,   1,   9,  38.725,   8.997,  -1.000,   0.104,   0.040,
2004,   1,  10,  38.725,   8.997,   0.050,   0.080,   0.066,
2004,   2,   9,  38.725,   8.997,   0.210,   0.083,   0.078,
2004,   2,  10,  38.725,   8.997,  -1.000,   0.046,   0.005,
2004,   2,  11,  38.725,   8.997,  -1.000,   0.073,   0.053,
2004,   2,  13,  38.725,   8.997,  -1.000,   0.021,   0.008,
2004,   2,  14,  38.725,   8.997,  -1.000,   0.242,  -1.000,
2004,   2,  16,  38.725,   8.997,   0.080,   0.103,   0.059,
2004,   2,  18,  38.725,   8.997,  -0.030,   0.079,   0.076,
2004,   2,  19,  38.725,   8.997,   0.020,   0.037,   0.029,
2004,   2,  20,  38.725,   8.997,   0.120,   0.070,   0.049,
2004,   2,  21,  38.725,   8.997,  -1.000,   0.093,   0.066,
2004,   3,   1,  38.725,   8.997,   0.210,   0.254,   0.052,
2004,   3,   3,  38.725,   8.997,   0.150,   0.133,   0.117,
2004,   3,   5,  38.725,   8.997,   0.100,   0.095,   0.073,
2004,   3,   6,  38.725,   8.997,   0.080,   0.128,   0.044,
2004,   3,   9,  38.725,   8.997,  -1.000,   0.489,  -1.000,
2004,   3,  23,  38.725,   8.997,   0.030,   0.056,   0.039,
2004,   3,  24,  38.725,   8.997,   0.060,   0.114,   0.038,
2004,   3,  25,  38.725,   8.997,   0.090,   0.122,   0.029,
2004,   4,  24,  38.725,   8.997,  -1.000,   0.057,  -1.000,
2004,   4,  27,  38.725,   8.997,  -1.000,   0.076,   0.081,
2004,   5,   3,  38.725,   8.997,  -1.000,   0.135,  -1.000,
2004,   5,   8,  38.725,   8.997,  -1.000,   0.066,  -1.000,
2004,   5,  11,  38.725,   8.997,  -1.000,   0.066,  -1.000,
2004,   5,  12,  38.725,   8.997,  -1.000,   0.162,   0.119,
2004,   5,  18,  38.725,   8.997,  -1.000,   0.111,   0.017,
2004,   5,  19,  38.725,   8.997,  -1.000,   0.162,   0.016,
2004,   5,  31,  38.725,   8.997,  -1.000,   0.216,   0.057,
2004,   6,  14,  38.725,   8.997,  -1.000,   0.265,  -1.000,
2004,   6,  28,  38.725,   8.997,  -1.000,   0.269,   0.017,
2004,   7,  21,  38.725,   8.997,  -1.000,   0.176,  -1.000,
2004,   7,  31,  38.725,   8.997,  -1.000,   0.265,   0.055,
2004,   8,  19,  38.725,   8.997,  -1.000,   0.421,  -1.000,
2004,   8,  24,  38.725,   8.997,  -1.000,   0.343,  -1.000,
2004,   9,   4,  38.725,   8.997,  -1.000,   0.365,  -1.000,
2004,   9,   6,  38.725,   8.997,  -1.000,   0.275,  -1.000,
2004,   9,  18,  38.725,   8.997,  -1.000,   0.247,   0.016,
2004,  10,  11,  38.725,   8.997,  -1.000,   0.191,   0.025,
2004,  10,  13,  38.725,   8.997,  -1.000,   0.263,  -1.000,
2004,  10,  15,  38.725,   8.997,  -0.020,   0.033,   0.016,
2004,  10,  17,  38.725,   8.997,  -1.000,   0.024,   0.014,
2004,  10,  18,  38.725,   8.997,   0.000,   0.085,   0.060,
2004,  10,  19,  38.725,   8.997,  -1.000,   0.060,   0.039,
2004,  10,  20,  38.725,   8.997,   0.000,   0.064,   0.040,
2004,  10,  22,  38.725,   8.997,   0.190,   0.140,   0.037,
2004,  10,  24,  38.725,   8.997,  -1.000,   0.074,   0.031,
2004,  10,  25,  38.725,   8.997,   0.080,   0.127,   0.041,
2004,  10,  28,  38.725,   8.997,  -1.000,   0.099,   0.001,
2004,  10,  29,  38.725,   8.997,  -1.000,   0.097,  -1.000,
2004,  10,  31,  38.725,   8.997,  -1.000,   0.318,  -1.000,
2004,  11,   1,  38.725,   8.997,  -1.000,   0.207,  -1.000,
2004,  11,   2,  38.725,   8.997,   0.130,   0.166,   0.038,
2004,  11,   5,  38.725,   8.997,  -0.020,   0.073,   0.075,
2004,  11,   7,  38.725,   8.997,  -1.000,   0.165,   0.047,
2004,  11,   8,  38.725,   8.997,  -1.000,   0.183,  -1.000,
2004,  11,   9,  38.725,   8.997,  -1.000,   0.152,   0.023,
2004,  11,  10,  38.725,   8.997,  -1.000,   0.152,   0.040,
2004,  11,  11,  38.725,   8.997,   0.050,   0.089,   0.037,
2004,  11,  12,  38.725,   8.997,  -1.000,   0.188,  -1.000,
2004,  11,  13,  38.725,   8.997,   0.020,   0.064,   0.038,
2004,  11,  16,  38.725,   8.997,  -1.000,   0.064,   0.047,
2004,  11,  17,  38.725,   8.997,  -1.000,   0.179,  -1.000,
2004,  11,  18,  38.725,   8.997,  -1.000,   0.083,   0.025,
2004,  11,  19,  38.725,   8.997,  -1.000,   0.180,   0.031,
2004,  11,  25,  38.725,   8.997,  -1.000,   0.033,   0.027,
2004,  11,  26,  38.725,   8.997,  -1.000,   0.091,   0.054,
2004,  11,  28,  38.725,   8.997,   0.080,   0.086,   0.066,
2004,  11,  29,  38.725,   8.997,  -1.000,   0.091,   0.030,
2004,  11,  30,  38.725,   8.997,   0.060,   0.147,   0.077,
2004,  12,   2,  38.725,   8.997,   0.050,   0.132,   0.067,
2004,  12,   3,  38.725,   8.997,  -1.000,   0.112,   0.039,
2004,  12,   5,  38.725,   8.997,   0.050,   0.088,   0.038,
2004,  12,  11,  38.725,   8.997,  -1.000,   0.109,  -1.000,
2004,  12,  14,  38.725,   8.997,  -1.000,   0.148,  -1.000,
2004,  12,  15,  38.725,   8.997,  -1.000,   0.133,   0.029,
2004,  12,  16,  38.725,   8.997,  -1.000,   0.247,   0.056,
2004,  12,  18,  38.725,   8.997,  -1.000,   0.116,   0.074,
2004,  12,  19,  38.725,   8.997,   0.100,   0.117,   0.020,
2004,  12,  20,  38.725,   8.997,  -1.000,   0.096,   0.044,
2004,  12,  22,  38.725,   8.997,   0.130,   0.139,   0.011,
2005,   1,   1,  38.725,   8.997,  -1.000,   0.101,   0.094,
2005,   1,   5,  38.725,   8.997,  -1.000,   0.089,   0.059,
2005,   1,   6,  38.725,   8.997,   0.110,   0.139,   0.061,
2005,   1,   7,  38.725,   8.997,   0.080,   0.122,   0.038,
2005,   1,  10,  38.725,   8.997,   0.140,   0.133,   0.086,
2005,   1,  11,  38.725,   8.997,  -1.000,   0.122,   0.031,
2005,   1,  17,  38.725,   8.997,  -1.000,   0.027,  -1.000,
2005,   1,  21,  38.725,   8.997,   0.070,   0.081,   0.047,
2005,   1,  23,  38.725,   8.997,   0.060,   0.107,   0.061,
2005,   1,  31,  38.725,   8.997,  -1.000,   0.170,   0.062,
2005,   2,   1,  38.725,   8.997,  -1.000,   0.070,   0.014,
2005,   2,   2,  38.725,   8.997,   0.140,   0.098,   0.056,
2005,   2,   4,  38.725,   8.997,   0.270,   0.209,   0.074,
2005,   2,   5,  38.725,   8.997,   0.010,   0.037,   0.019,
2005,   2,   6,  38.725,   8.997,  -1.000,   0.060,   0.037,
2005,   2,   7,  38.725,   8.997,  -1.000,   0.113,   0.051,
2005,   2,   8,  38.725,   8.997,   0.110,   0.121,   0.008,
2005,   2,   9,  38.725,   8.997,  -1.000,   0.202,  -1.000,
2005,   2,  17,  38.725,   8.997,  -1.000,   0.091,   0.016,
2005,   2,  18,  38.725,   8.997,   0.080,   0.119,   0.068,
2005,   2,  20,  38.725,   8.997,   0.030,   0.072,   0.042,
2005,   2,  21,  38.725,   8.997,   0.030,   0.062,   0.066,
2005,   2,  22,  38.725,   8.997,   0.090,   0.108,   0.042,
2005,   2,  23,  38.725,   8.997,  -1.000,   0.264,  -1.000,
2005,   3,   4,  38.725,   8.997,  -1.000,   0.147,  -1.000,
2005,   3,   8,  38.725,   8.997,  -1.000,   0.148,  -1.000,
2005,   3,  24,  38.725,   8.997,   0.020,   0.040,   0.040,
2005,   3,  25,  38.725,   8.997,  -1.000,   0.030,  -1.000,
2005,   3,  31,  38.725,   8.997,   0.150,   0.084,   0.045,
2005,   4,   1,  38.725,   8.997,  -1.000,   0.071,  -1.000,
2005,   4,   2,  38.725,   8.997,   0.000,   0.097,   0.086,
2005,   4,   3,  38.725,   8.997,  -1.000,   0.239,  -1.000,
2005,   4,   4,  38.725,   8.997,  -1.000,   0.098,   0.049,
2005,   4,   9,  38.725,   8.997,  -1.000,   0.201,  -1.000,
2005,   5,   4,  38.725,   8.997,  -1.000,   0.203,   0.020,
2005,   5,   9,  38.725,   8.997,  -1.000,   0.271,   0.008,
2005,   5,  11,  38.725,   8.997,  -1.000,   0.261,  -1.000,
2005,   5,  13,  38.725,   8.997,  -1.000,   0.230,   0.012,
2005,   5,  27,  38.725,   8.997,  -1.000,   0.083,   0.023,
2005,   6,   3,  38.725,   8.997,  -1.000,   0.347,  -1.000,
2005,   8,  13,  38.725,   8.997,  -1.000,   0.312,   0.032,
2005,   8,  17,  38.725,   8.997,  -1.000,   0.318,   0.017,
2005,   9,   3,  38.725,   8.997,  -1.000,   0.354,  -1.000,
2005,   9,  14,  38.725,   8.997,  -1.000,   0.613,   0.018,
2005,   9,  25,  38.725,   8.997,  -1.000,   0.185,   0.020,
2005,   9,  26,  38.725,   8.997,  -1.000,   0.328,  -1.000,
2005,   9,  30,  38.725,   8.997,  -1.000,   0.240,  -1.000,
2005,  10,   2,  38.725,   8.997,  -1.000,   0.235,   0.029,
2005,  10,  13,  38.725,   8.997,  -1.000,   0.146,  -1.000,
2005,  10,  14,  38.725,   8.997,  -0.030,   0.101,   0.021,
2005,  10,  15,  38.725,   8.997,  -1.000,   0.136,  -1.000,
2005,  10,  16,  38.725,   8.997,  -1.000,   0.208,   0.010,
2005,  10,  21,  38.725,   8.997,  -1.000,   0.228,   0.021,
2005,  10,  22,  38.725,   8.997,   0.100,   0.141,   0.031,
2005,  10,  23,  38.725,   8.997,   0.010,   0.121,   0.063,
2005,  10,  25,  38.725,   8.997,  -1.000,   0.220,   0.037,
2005,  10,  27,  38.725,   8.997,  -1.000,   0.129,   0.007,
2005,  10,  30,  38.725,   8.997,  -1.000,   0.232,  -1.000,
2005,  11,   3,  38.725,   8.997,  -1.000,   0.076,   0.047,
2005,  11,   4,  38.725,   8.997,   0.060,   0.111,   0.065,
2005,  11,   5,  38.725,   8.997,  -1.000,   0.110,   0.027,
2005,  11,   6,  38.725,   8.997,  -1.000,   0.114,   0.049,
2005,  11,   7,  38.725,   8.997,   0.030,   0.077,   0.041,
2005,  11,   8,  38.725,   8.997,  -1.000,   0.079,   0.058,
2005,  11,  10,  38.725,   8.997,  -0.010,   0.117,   0.066,
2005,  11,  11,  38.725,   8.997,  -1.000,   0.155,   0.012,
2005,  11,  12,  38.725,   8.997,   0.070,   0.113,   0.043,
2005,  11,  13,  38.725,   8.997,   0.110,   0.153,   0.050,
2005,  11,  14,  38.725,   8.997,   0.030,   0.082,   0.049,
2005,  11,  22,  38.725,   8.997,   0.000,   0.083,   0.055,
2005,  11,  23,  38.725,   8.997,   0.010,   0.059,   0.045,
2005,  11,  26,  38.725,   8.997,   0.010,   0.090,   0.070,
2005,  11,  27,  38.725,   8.997,  -1.000,   0.131,   0.038,
2005,  11,  28,  38.725,   8.997,   0.110,   0.060,   0.045,
2005,  11,  29,  38.725,   8.997,   0.060,   0.104,   0.054,
2005,  11,  30,  38.725,   8.997,  -1.000,   0.154,  -1.000,
2005,  12,   2,  38.725,   8.997,  -1.000,   0.125,   0.011,
2005,  12,   3,  38.725,   8.997,  -1.000,   0.084,   0.066,
2005,  12,   5,  38.725,   8.997,   0.170,   0.125,   0.055,
2005,  12,   6,  38.725,   8.997,  -1.000,   0.183,   0.025,
2005,  12,   7,  38.725,   8.997,   0.120,   0.129,   0.031,
2005,  12,  10,  38.725,   8.997,  -1.000,   0.024,  -1.000,
2005,  12,  12,  38.725,   8.997,   0.130,   0.069,   0.057,
2005,  12,  13,  38.725,   8.997,   0.070,   0.082,   0.038,
2005,  12,  14,  38.725,   8.997,   0.140,   0.090,   0.056,
2005,  12,  15,  38.725,   8.997,   0.120,   0.138,   0.016,
2005,  12,  16,  38.725,   8.997,  -1.000,   0.100,   0.052,
2005,  12,  17,  38.725,   8.997,   0.110,   0.111,   0.072,
2005,  12,  18,  38.725,   8.997,  -1.000,   0.095,   0.020,
2005,  12,  19,  38.725,   8.997,   0.140,   0.106,   0.047,
2005,  12,  21,  38.725,   8.997,   0.010,   0.079,   0.068,
2005,  12,  23,  38.725,   8.997,   0.090,   0.088,   0.023,
2005,  12,  25,  38.725,   8.997,  -1.000,   0.049,  -1.000,
2005,  12,  28,  38.725,   8.997,   0.090,   0.119,   0.094,
2005,  12,  29,  38.725,   8.997,  -1.000,   0.122,   0.034,
2005,  12,  30,  38.725,   8.997,  -1.000,   0.165,  -1.000,
2005,  12,  31,  38.725,   8.997,   0.130,   0.143,   0.018,
2006,   1,   1,  38.725,   8.997,   0.040,   0.081,   0.044,
2006,   1,   2,  38.725,   8.997,   0.050,   0.171,   0.089,
2006,   1,   4,  38.725,   8.997,   0.100,   0.134,   0.100,
2006,   1,   6,  38.725,   8.997,   0.110,   0.173,   0.068,
2006,   1,   7,  38.725,   8.997,  -1.000,   0.221,   0.035,
2006,   1,   8,  38.725,   8.997,   0.120,   0.147,   0.047,
2006,   1,  11,  38.725,   8.997,  -1.000,   0.262,   0.060,
2006,   1,  13,  38.725,   8.997,  -1.000,   0.258,  -1.000,
2006,   1,  18,  38.725,   8.997,  -1.000,   0.211,   0.055,
2006,   1,  19,  38.725,   8.997,  -1.000,   0.101,   0.031,
2006,   1,  22,  38.725,   8.997,   0.010,   0.048,   0.048,
2006,   1,  23,  38.725,   8.997,  -1.000,   0.098,   0.033,
2006,   1,  24,  38.725,   8.997,   0.040,   0.080,   0.024,
2006,   1,  25,  38.725,   8.997,   0.020,   0.109,   0.075,
2006,   1,  26,  38.725,   8.997,   0.070,   0.098,   0.030,
2006,   1,  27,  38.725,   8.997,   0.180,   0.195,   0.061,
2006,   1,  29,  38.725,   8.997,  -1.000,   0.344,   0.048,
2006,   2,   3,  38.725,   8.997,   0.160,   0.184,   0.035,
2006,   2,   4,  38.725,   8.997,  -1.000,   0.106,   0.015,
2006,   2,   5,  38.725,   8.997,   0.220,   0.161,   0.103,
2006,   2,  10,  38.725,   8.997,  -1.000,   0.293,  -1.000,
2006,   2,  12,  38.725,   8.997,  -1.000,   0.477,  -1.000,
2006,   2,  16,  38.725,   8.997,   0.150,   0.106,   0.078,
2006,   3,   2,  38.725,   8.997,   0.210,   0.196,   0.055,
2006,   3,   4,  38.725,   8.997,  -1.000,   0.400,  -1.000,
2006,   3,   6,  38.725,   8.997,   0.140,   0.175,   0.032,
2006,   3,   7,  38.725,   8.997,  -1.000,   0.132,   0.145,
2006,   4,  12,  38.725,   8.997,  -1.000,   0.099,  -1.000,
2006,   4,  16,  38.725,   8.997,   0.060,   0.076,   0.023,
2006,   5,  12,  38.725,   8.997,  -1.000,   0.184,  -1.000,
2006,   6,   8,  38.725,   8.997,  -1.000,   0.294,  -1.000,
2006,   7,  19,  38.725,   8.997,  -1.000,   0.196,  -1.000,
2006,   7,  20,  38.725,   8.997,  -1.000,   0.340,   0.016,
2006,   7,  24,  38.725,   8.997,  -1.000,   0.550,  -1.000,
2006,   8,  25,  38.725,   8.997,  -1.000,   0.558,  -1.000,
2006,   8,  30,  38.725,   8.997,  -1.000,   0.496,  -1.000,
2006,   9,  26,  38.725,   8.997,  -1.000,   0.228,  -1.000,
2006,  10,   3,  38.725,   8.997,  -1.000,   0.209,   0.021,
2006,  10,   5,  38.725,   8.997,  -1.000,   0.275,  -1.000,
2006,  10,  10,  38.725,   8.997,  -1.000,   0.257,  -1.000,
2006,  10,  12,  38.725,   8.997,  -1.000,   0.219,  -1.000,
2006,  10,  21,  38.725,   8.997,  -1.000,   0.199,   0.010,
2006,  10,  23,  38.725,   8.997,  -1.000,   0.151,   0.005,
2006,  10,  24,  38.725,   8.997,  -1.000,   0.169,  -1.000,
2006,  11,   1,  38.725,   8.997,  -1.000,   0.035,   0.018,
2006,  11,   2,  38.725,   8.997,  -1.000,   0.086,   0.097,
2006,  11,   3,  38.725,   8.997,  -1.000,   0.081,  -1.000,
2006,  11,   4,  38.725,   8.997,  -0.030,   0.071,   0.055,
2006,  11,   6,  38.725,   8.997,   0.050,   0.042,   0.036,
2006,  11,   9,  38.725,   8.997,  -1.000,   0.110,   0.054,
2006,  11,  10,  38.725,   8.997,  -1.000,   0.116,  -1.000,
2006,  11,  11,  38.725,   8.997,  -0.020,   0.158,   0.050,
2006,  11,  13,  38.725,   8.997,  -1.000,   0.230,  -1.000,
2006,  11,  15,  38.725,   8.997,   0.080,   0.113,   0.026,
2006,  11,  16,  38.725,   8.997,   0.000,   0.066,   0.067,
2006,  11,  17,  38.725,   8.997,   0.050,   0.088,   0.046,
2006,  11,  22,  38.725,   8.997,  -1.000,   0.201,   0.013,
2006,  11,  25,  38.725,   8.997,  -1.000,   0.132,   0.078,
2006,  11,  26,  38.725,   8.997,  -1.000,   0.185,  -1.000,
2006,  11,  27,  38.725,   8.997,  -1.000,   0.281,  -1.000,
2006,  11,  29,  38.725,   8.997,  -1.000,   0.184,   0.018,
2006,  12,   9,  38.725,   8.997,   0.230,   0.249,   0.013,
2006,  12,  10,  38.725,   8.997,  -1.000,   0.076,   0.041,
2006,  12,  11,  38.725,   8.997,  -1.000,   0.063,   0.051,
2006,  12,  15,  38.725,   8.997,  -1.000,   0.106,   0.045,
2006,  12,  16,  38.725,   8.997,  -1.000,   0.113,   0.017,
2006,  12,  17,  38.725,   8.997,   0.030,   0.082,   0.060,
2006,  12,  18,  38.725,   8.997,   0.050,   0.089,   0.054,
2006,  12,  19,  38.725,   8.997,  -1.000,   0.157,  -1.000,
2006,  12,  20,  38.725,   8.997,  -1.000,   0.182,   0.015,
2006,  12,  21,  38.725,   8.997,  -1.000,   0.167,  -1.000,
2006,  12,  24,  38.725,   8.997,  -1.000,   0.248,   0.028,
2006,  12,  31,  38.725,   8.997,  -1.000,   0.048,  -1.000,
2007,   1,   1,  38.725,   8.997,  -1.000,   0.020,   0.002,
2007,   1,   2,  38.725,   8.997,  -1.000,   0.085,  -1.000,
2007,   1,   5,  38.725,   8.997,   0.000,   0.085,   0.064,
2007,   1,   6,  38.725,   8.997,  -1.000,   0.110,  -1.000,
2007,   1,   7,  38.725,   8.997,   0.140,   0.090,   0.063,
2007,   1,   9,  38.725,   8.997,  -1.000,   0.098,   0.057,
2007,   1,  10,  38.725,   8.997,   0.030,   0.058,   0.018,
2007,   1,  11,  38.725,   8.997,  -1.000,   0.085,   0.040,
2007,   1,  12,  38.725,   8.997,  -1.000,   0.239,  -1.000,
2007,   1,  20,  38.725,   8.997,  -1.000,   0.173,  -1.000,
2007,   1,  21,  38.725,   8.997,  -1.000,   0.258,  -1.000,
2007,   1,  22,  38.725,   8.997,  -1.000,   0.123,   0.016,
2007,   1,  29,  38.725,   8.997,  -1.000,   0.420,  -1.000,
2007,   2,   1,  38.725,   8.997,  -1.000,   0.209,   0.061,
2007,   2,  11,  38.725,   8.997,   0.100,   0.099,   0.016,
2007,   2,  12,  38.725,   8.997,  -1.000,   0.148,   0.009,
2007,   2,  13,  38.725,   8.997,  -1.000,   0.226,  -1.000,
2007,   2,  28,  38.725,   8.997,   0.060,   0.092,   0.021,
2007,   3,   2,  38.725,   8.997,  -1.000,   0.096,   0.005,
2007,   3,   3,  38.725,   8.997,  -1.000,   0.046,  -1.000,
2007,   3,   5,  38.725,   8.997,  -1.000,   0.066,   0.067,
2007,   3,   6,  38.725,   8.997,  -1.000,   0.049,  -1.000,
2007,   3,   7,  38.725,   8.997,  -1.000,   0.102,   0.044,
2007,   3,   8,  38.725,   8.997,  -1.000,   0.135,   0.090,
2007,   3,  15,  38.725,   8.997,   0.050,   0.085,   0.049,
2007,   3,  16,  38.725,   8.997,  -1.000,   0.168,   0.045,
2007,   4,  13,  38.725,   8.997,  -1.000,   0.135,   0.107,
2007,   4,  15,  38.725,   8.997,  -1.000,   0.391,  -1.000,
2007,   4,  22,  38.725,   8.997,  -1.000,   0.068,   0.058,
2007,   4,  23,  38.725,   8.997,  -1.000,   0.149,  -1.000,
2007,   4,  29,  38.725,   8.997,  -1.000,   0.074,   0.068,
2007,   5,   1,  38.725,   8.997,  -1.000,   0.189,  -1.000,
2007,   5,   4,  38.725,   8.997,  -1.000,   0.086,   0.035,
2007,   6,   5,  38.725,   8.997,  -1.000,   0.324,  -1.000,
2007,   7,  25,  38.725,   8.997,  -1.000,   0.380,   0.025,
2007,   7,  29,  38.725,   8.997,  -1.000,   0.250,   0.030,
2007,   8,  12,  38.725,   8.997,  -1.000,   0.639,  -1.000,
2007,   8,  30,  38.725,   8.997,  -1.000,   0.286,  -1.000,
2007,   9,  11,  38.725,   8.997,  -1.000,   0.335,  -1.000,
2007,  10,   5,  38.725,   8.997,  -1.000,   0.132,   0.003,
2007,  10,   6,  38.725,   8.997,   0.000,   0.109,   0.027,
2007,  10,   9,  38.725,   8.997,  -1.000,   0.176,  -1.000,
2007,  10,  10,  38.725,   8.997,  -1.000,   0.074,   0.013,
2007,  10,  11,  38.725,   8.997,  -1.000,   0.130,   0.035,
2007,  10,  12,  38.725,   8.997,  -1.000,   0.286,  -1.000,
2007,  10,  17,  38.725,   8.997,  -1.000,   0.176,  -1.000,
2007,  10,  20,  38.725,   8.997,  -1.000,   0.125,   0.012,
2007,  10,  22,  38.725,   8.997,  -1.000,   0.034,   0.036,
2007,  10,  24,  38.725,   8.997,  -1.000,   0.076,   0.015,
2007,  10,  25,  38.725,   8.997,  -1.000,   0.077,   0.045,
2007,  10,  26,  38.725,   8.997,  -0.020,   0.054,   0.028,
2007,  10,  27,  38.725,   8.997,   0.000,   0.125,   0.035,
2007,  10,  28,  38.725,   8.997,   0.180,   0.207,   0.030,
2007,  10,  29,  38.725,   8.997,  -1.000,   0.129,   0.050,
2007,  10,  31,  38.725,   8.997,   0.060,   0.105,   0.039,
2007,  11,   1,  38.725,   8.997,  -1.000,   0.180,   0.007,
2007,  11,   2,  38.725,   8.997,   0.230,   0.150,   0.045,
2007,  11,   4,  38.725,   8.997,   0.160,   0.204,   0.043,
2007,  11,  10,  38.725,   8.997,  -1.000,   0.103,   0.047,
2007,  11,  11,  38.725,   8.997,  -0.010,   0.044,   0.018,
2007,  11,  12,  38.725,   8.997,  -1.000,   0.102,   0.076,
2007,  11,  14,  38.725,   8.997,   0.150,   0.109,   0.055,
2007,  11,  16,  38.725,   8.997,   0.010,   0.073,   0.060,
2007,  11,  17,  38.725,   8.997,  -1.000,   0.115,   0.049,
2007,  11,  18,  38.725,   8.997,   0.120,   0.092,   0.037,
2007,  11,  19,  38.725,   8.997,   0.070,   0.101,   0.043,
2007,  11,  20,  38.725,   8.997,   0.060,   0.094,   0.038,
2007,  11,  23,  38.725,   8.997,  -1.000,   0.092,   0.028,
2007,  11,  25,  38.725,   8.997,   0.000,   0.073,   0.052,
2007,  11,  26,  38.725,   8.997,  -1.000,   0.158,   0.033,
2007,  11,  27,  38.725,   8.997,  -1.000,   0.144,   0.057,
2007,  11,  28,  38.725,   8.997,  -1.000,   0.244,  -1.000,
2007,  11,  29,  38.725,   8.997,   0.080,   0.099,   0.026,
2007,  11,  30,  38.725,   8.997,   0.100,   0.111,   0.088,
2007,  12,   2,  38.725,   8.997,   0.110,   0.107,   0.061,
2007,  12,   3,  38.725,   8.997,  -1.000,   0.149,   0.028,
2007,  12,   4,  38.725,   8.997,   0.160,   0.117,   0.059,
2007,  12,   6,  38.725,   8.997,   0.120,   0.125,   0.027,
2007,  12,   7,  38.725,   8.997,  -1.000,   0.146,   0.084,
2007,  12,   8,  38.725,   8.997,  -1.000,   0.115,   0.016,
2007,  12,   9,  38.725,   8.997,   0.130,   0.120,   0.068,
2007,  12,  11,  38.725,   8.997,   0.010,   0.077,   0.065,
2007,  12,  12,  38.725,   8.997,  -1.000,   0.123,   0.020,
2007,  12,  13,  38.725,   8.997,   0.050,   0.069,   0.027,
2007,  12,  14,  38.725,   8.997,   0.050,   0.039,   0.024,
2007,  12,  15,  38.725,   8.997,   0.080,   0.106,   0.033,
2007,  12,  18,  38.725,   8.997,   0.110,   0.136,   0.041,
2007,  12,  19,  38.725,   8.997,  -1.000,   0.155,   0.039,
2007,  12,  20,  38.725,   8.997,   0.150,   0.074,   0.056,
2007,  12,  21,  38.725,   8.997,   0.130,   0.161,   0.041,
2007,  12,  22,  38.725,   8.997,   0.090,   0.110,   0.029,
2007,  12,  23,  38.725,   8.997,  -1.000,   0.221,   0.012,
2007,  12,  24,  38.725,   8.997,  -1.000,   0.231,  -1.000,
2007,  12,  25,  38.725,   8.997,  -1.000,   0.123,   0.072,
2007,  12,  27,  38.725,   8.997,  -1.000,   0.050,   0.026,
2007,  12,  29,  38.725,   8.997,   0.100,   0.121,   0.033,
2007,  12,  30,  38.725,   8.997,  -1.000,   0.174,   0.036,
2007,  12,  31,  38.725,   8.997,  -1.000,   0.116,   0.024,
2008,   1,   1,  38.725,   8.997,  -1.000,   0.193,   0.048,
2008,   1,   4,  38.725,   8.997,  -1.000,   0.132,   0.031,
2008,   1,   5,  38.725,   8.997,  -1.000,   0.063,   0.055,
2008,   1,   6,  38.725,   8.997,   0.140,   0.162,   0.022,
2008,   1,   7,  38.725,   8.997,   0.110,   0.130,   0.018,
2008,   1,   8,  38.725,   8.997,   0.220,   0.237,   0.016,
2008,   1,   9,  38.725,   8.997,  -1.000,   0.150,   0.041,
2008,   1,  10,  38.725,   8.997,  -1.000,   0.254,   0.006,
2008,   1,  12,  38.725,   8.997,  -1.000,   0.226,   0.055,
2008,   1,  19,  38.725,   8.997,  -1.000,   0.075,  -1.000,
2008,   1,  20,  38.725,   8.997,  -1.000,   0.127,   0.036,
2008,   1,  21,  38.725,   8.997,   0.090,   0.072,   0.043,
2008,   1,  22,  38.725,   8.997,  -1.000,   0.237,  -1.000,
2008,   1,  23,  38.725,   8.997,  -1.000,   0.181,  -1.000,
2008,   1,  24,  38.725,   8.997,  -1.000,   0.228,  -1.000,
2008,   1,  25,  38.725,   8.997,  -1.000,   0.081,   0.006,
2008,   1,  26,  38.725,   8.997,   0.150,   0.177,   0.084,
2008,   1,  28,  38.725,   8.997,   0.110,   0.116,   0.063,
2008,   1,  29,  38.725,   8.997,  -1.000,   0.184,  -1.000,
2008,   1,  30,  38.725,   8.997,  -1.000,   0.136,   0.056,
2008,   2,   4,  38.725,   8.997,  -1.000,   0.302,   0.020,
2008,   2,   6,  38.725,   8.997,  -1.000,   0.580,   0.114,
2008,   2,   8,  38.725,   8.997,  -1.000,   0.344,  -1.000,
2008,   2,   9,  38.725,   8.997,  -1.000,   0.336,   0.090,
2008,   2,  10,  38.725,   8.997,  -1.000,   0.098,   0.013,
2008,   2,  11,  38.725,   8.997,   0.060,   0.090,   0.109,
2008,   2,  13,  38.725,   8.997,   0.200,   0.139,   0.093,
2008,   2,  14,  38.725,   8.997,   0.210,   0.226,   0.027,
2008,   2,  15,  38.725,   8.997,  -1.000,   0.165,   0.047,
2008,   2,  16,  38.725,   8.997,  -1.000,   0.224,   0.083,
2008,   2,  17,  38.725,   8.997,   0.130,   0.156,   0.043,
2008,   2,  23,  38.725,   8.997,  -1.000,   0.266,  -1.000,
2008,   2,  24,  38.725,   8.997,  -1.000,   0.183,   0.054,
2008,   2,  25,  38.725,   8.997,  -1.000,   0.444,  -1.000,
2008,   2,  27,  38.725,   8.997,  -1.000,   0.493,   0.052,
2008,   2,  29,  38.725,   8.997,   0.200,   0.198,   0.135,
2008,   3,   2,  38.725,   8.997,  -1.000,   0.201,   0.053,
2008,   3,   3,  38.725,   8.997,  -1.000,   0.169,   0.115,
2008,   3,   4,  38.725,   8.997,   0.150,   0.171,   0.050,
2008,   3,   5,  38.725,   8.997,  -1.000,   0.303,  -1.000,
2008,   3,   7,  38.725,   8.997,  -1.000,   0.303,   0.171,
2008,   3,   8,  38.725,   8.997,  -1.000,   0.213,  -1.000,
2008,   3,   9,  38.725,   8.997,   0.120,   0.207,   0.092,
2008,   3,  11,  38.725,   8.997,  -1.000,   0.116,   0.015,
2008,   3,  12,  38.725,   8.997,  -1.000,   0.279,   0.122,
2008,   3,  13,  38.725,   8.997,  -1.000,   0.322,  -1.000,
2008,   3,  14,  38.725,   8.997,  -1.000,   0.337,   0.152,
2008,   3,  16,  38.725,   8.997,   0.240,   0.188,   0.137,
2008,   3,  18,  38.725,   8.997,  -1.000,   0.237,   0.049,
2008,   3,  19,  38.725,   8.997,  -1.000,   0.321,  -1.000,
2008,   3,  20,  38.725,   8.997,   0.170,   0.185,   0.055,
2008,   3,  23,  38.725,   8.997,   0.350,   0.306,   0.070,
2008,   3,  24,  38.725,   8.997,  -1.000,   0.238,  -1.000,
2008,   3,  25,  38.725,   8.997,   0.150,   0.181,   0.088,
2008,   3,  26,  38.725,   8.997,   0.210,   0.213,  -1.000,
2008,   3,  27,  38.725,   8.997,  -1.000,   0.212,   0.051,
2008,   4,  13,  38.725,   8.997,  -1.000,   0.184,  -1.000,
2008,   4,  15,  38.725,   8.997,  -1.000,   0.175,   0.025,
2008,   4,  17,  38.725,   8.997,   0.070,   0.124,   0.087,
2008,   4,  18,  38.725,   8.997,  -1.000,   0.151,   0.040,
2008,   4,  19,  38.725,   8.997,   0.170,   0.196,   0.019,
2008,   4,  21,  38.725,   8.997,  -1.000,   0.145,  -1.000,
2008,   4,  24,  38.725,   8.997,  -1.000,   0.315,  -1.000,
2008,   5,   1,  38.725,   8.997,  -1.000,   0.498,  -1.000,
2008,   5,  12,  38.725,   8.997,   0.120,   0.065,   0.055,
2008,   5,  17,  38.725,   8.997,  -1.000,   0.137,   0.169,
2008,   6,   2,  38.725,   8.997,  -1.000,   0.388,  -1.000,
2008,   6,   6,  38.725,   8.997,  -1.000,   0.114,   0.043,
2008,   6,  27,  38.725,   8.997,  -0.030,   0.191,   0.053,
2008,   7,   4,  38.725,   8.997,  -1.000,   0.449,   0.059,
2008,   7,  25,  38.725,   8.997,  -1.000,   0.311,   0.017,
2008,   7,  27,  38.725,   8.997,  -1.000,   0.418,  -1.000,
2008,   8,   3,  38.725,   8.997,  -1.000,   0.418,  -1.000,
2008,   8,   8,  38.725,   8.997,  -1.000,   0.488,  -1.000,
2008,   8,  28,  38.725,   8.997,  -1.000,   0.329,  -1.000,
2008,   9,   2,  38.725,   8.997,  -1.000,   0.302,  -1.000,
2008,   9,  20,  38.725,   8.997,  -1.000,   0.328,   0.001,
2008,   9,  27,  38.725,   8.997,  -1.000,   0.256,  -1.000,
2008,   9,  29,  38.725,   8.997,  -1.000,   0.237,  -1.000,
2008,  10,   2,  38.725,   8.997,  -1.000,   0.183,  -1.000,
2008,  10,   5,  38.725,   8.997,   0.040,   0.078,   0.042,
2008,  10,   6,  38.725,   8.997,   0.070,   0.159,   0.051,
2008,  10,   7,  38.725,   8.997,  -1.000,   0.143,  -1.000,
2008,  10,  12,  38.725,   8.997,  -0.010,   0.069,   0.032,
2008,  10,  13,  38.725,   8.997,   0.050,   0.150,   0.058,
2008,  10,  15,  38.725,   8.997,  -1.000,   0.209,   0.007,
2008,  10,  17,  38.725,   8.997,  -1.000,   0.155,   0.011,
2008,  10,  24,  38.725,   8.997,  -1.000,   0.277,   0.073,
2008,  11,   9,  38.725,   8.997,  -0.040,   0.083,   0.035,
2008,  11,  11,  38.725,   8.997,   0.080,   0.051,   0.036,
2008,  11,  12,  38.725,   8.997,   0.080,   0.124,   0.059,
2008,  11,  13,  38.725,   8.997,  -1.000,   0.118,   0.018,
2008,  11,  15,  38.725,   8.997,  -1.000,   0.158,  -1.000,
2008,  11,  18,  38.725,   8.997,   0.040,   0.110,   0.052,
2008,  11,  20,  38.725,   8.997,  -0.040,   0.058,   0.027,
2008,  11,  21,  38.725,   8.997,   0.050,   0.113,   0.054,
2008,  11,  22,  38.725,   8.997,   0.080,   0.115,   0.035,
2008,  11,  23,  38.725,   8.997,  -1.000,   0.157,   0.065,
2008,  11,  27,  38.725,   8.997,  -1.000,   0.190,   0.054,
2008,  11,  29,  38.725,   8.997,  -1.000,   0.134,   0.029,
2008,  11,  30,  38.725,   8.997,  -1.000,   0.177,   0.045,
2008,  12,   6,  38.725,   8.997,   0.010,   0.065,   0.043,
2008,  12,  10,  38.725,   8.997,  -1.000,   0.183,   0.010,
2008,  12,  11,  38.725,   8.997,  -0.030,   0.070,   0.052,
2008,  12,  13,  38.725,   8.997,   0.170,   0.098,   0.045,
2008,  12,  15,  38.725,   8.997,  -1.000,   0.112,   0.023,
2008,  12,  16,  38.725,   8.997,  -1.000,   0.090,   0.048,
2008,  12,  17,  38.725,   8.997,   0.070,   0.084,   0.021,
2008,  12,  18,  38.725,   8.997,  -1.000,   0.115,   0.061,
2008,  12,  22,  38.725,   8.997,   0.100,   0.172,   0.040,
2008,  12,  23,  38.725,   8.997,  -1.000,   0.180,   0.021,
2008,  12,  24,  38.725,   8.997,  -1.000,   0.161,   0.010,
2008,  12,  25,  38.725,   8.997,  -1.000,   0.109,   0.061,
2008,  12,  27,  38.725,   8.997,   0.090,   0.120,   0.042,
2008,  12,  29,  38.725,   8.997,  -1.000,   0.117,   0.084,
2009,   1,   1,  38.725,   8.997,  -1.000,   0.154,   0.047,
2009,   1,   2,  38.725,   8.997,  -1.000,   0.097,   0.021,
2009,   1,   3,  38.725,   8.997,   0.110,   0.097,   0.081,
2009,   1,   5,  38.725,   8.997,   0.150,   0.109,   0.070,
2009,   1,   6,  38.725,   8.997,  -1.000,   0.145,  -1.000,
2009,   1,   7,  38.725,   8.997,  -1.000,   0.089,   0.045,
2009,   1,   8,  38.725,   8.997,  -1.000,   0.123,   0.034,
2009,   1,   9,  38.725,   8.997,  -1.000,   0.102,   0.020,
2009,   1,  10,  38.725,   8.997,   0.180,   0.139,   0.076,
2009,   1,  12,  38.725,   8.997,  -1.000,   0.343,  -1.000,
2009,   1,  14,  38.725,   8.997,  -1.000,   0.073,  -1.000,
2009,   1,  16,  38.725,   8.997,  -1.000,   0.166,  -1.000,
2009,   1,  30,  38.725,   8.997,  -1.000,   0.124,   0.055,
2009,   2,   2,  38.725,   8.997,  -1.000,   0.065,   0.019,
2009,   2,   4,  38.725,   8.997,   0.130,   0.097,   0.064,
2009,   2,   6,  38.725,   8.997,  -1.000,   0.296,  -1.000,
2009,   2,   8,  38.725,   8.997,  -1.000,   0.114,   0.036,
2009,   2,   9,  38.725,   8.997,  -1.000,   0.065,   0.050,
2009,   2,  10,  38.725,   8.997,  -1.000,   0.113,   0.047,
2009,   2,  20,  38.725,   8.997,   0.180,   0.180,   0.110,
2009,   2,  22,  38.725,   8.997,  -1.000,   0.149,   0.105,
2009,   2,  24,  38.725,   8.997,  -1.000,   0.074,   0.048,
2009,   2,  25,  38.725,   8.997,  -1.000,   0.139,   0.040,
2009,   2,  26,  38.725,   8.997,  -1.000,   0.076,   0.041,
2009,   3,   3,  38.725,   8.997,  -1.000,   0.179,   0.086,
2009,   3,   4,  38.725,   8.997,  -1.000,   0.185,  -1.000,
2009,   3,   5,  38.725,   8.997,  -1.000,   0.074,   0.043,
2009,   3,   7,  38.725,   8.997,   0.250,   0.269,   0.026,
2009,   3,   8,  38.725,   8.997,   0.280,   0.283,  -1.000,
2009,   3,  13,  38.725,   8.997,  -1.000,   0.271,  -1.000,
2009,   3,  14,  38.725,   8.997,   0.110,   0.128,   0.026,
2009,   3,  22,  38.725,   8.997,  -1.000,   0.140,   0.075,
2009,   3,  26,  38.725,   8.997,  -1.000,   0.104,   0.040,
2009,   4,   5,  38.725,   8.997,  -1.000,   0.295,  -1.000,
2009,   4,  13,  38.725,   8.997,  -1.000,   0.210,  -1.000,
2009,   4,  18,  38.725,   8.997,  -1.000,   0.218,  -1.000,
2009,   4,  20,  38.725,   8.997,  -1.000,   0.181,  -1.000,
2009,   4,  22,  38.725,   8.997,   0.210,   0.167,   0.037,
2009,   4,  27,  38.725,   8.997,  -1.000,   0.156,   0.107,
2009,   4,  28,  38.725,   8.997,  -1.000,   0.074,   0.091,
2009,   5,   3,  38.725,   8.997,  -1.000,   0.125,  -1.000,
2009,   5,   8,  38.725,   8.997,   0.120,   0.126,   0.018,
2009,   5,   9,  38.725,   8.997,   0.110,   0.097,   0.046,
2009,   5,  22,  38.725,   8.997,  -1.000,   0.189,   0.048,
2009,   5,  27,  38.725,   8.997,  -1.000,   0.384,  -1.000,
2009,   5,  31,  38.725,   8.997,   0.350,   0.247,   0.155,
2009,   6,  11,  38.725,   8.997,   0.240,   0.233,   0.021,
2009,   6,  21,  38.725,   8.997,  -1.000,   0.026,  -1.000,
2009,   6,  25,  38.725,   8.997,  -1.000,   0.468,  -1.000,
2009,   7,  12,  38.725,   8.997,  -1.000,   0.248,  -1.000,
2009,   7,  14,  38.725,   8.997,  -1.000,   0.497,   0.055,
2009,   7,  16,  38.725,   8.997,  -1.000,   0.748,  -1.000,
2009,   7,  23,  38.725,   8.997,  -1.000,   0.327,  -1.000,
2009,   7,  26,  38.725,   8.997,  -1.000,   0.456,  -1.000,
2009,   8,  28,  38.725,   8.997,  -1.000,   0.115,  -1.000,
2009,   8,  31,  38.725,   8.997,  -1.000,   0.354,  -1.000,
2009,   9,  20,  38.725,   8.997,  -1.000,   0.108,   0.012,
2009,  10,   4,  38.725,   8.997,  -1.000,   0.371,  -1.000,
2009,  10,  15,  38.725,   8.997,  -1.000,   0.086,   0.011,
2009,  10,  16,  38.725,   8.997,  -1.000,   0.176,   0.021,
2009,  10,  20,  38.725,   8.997,   0.110,   0.097,   0.040,
2009,  10,  21,  38.725,   8.997,  -1.000,   0.018,   0.000,
2009,  10,  22,  38.725,   8.997,  -0.030,   0.041,   0.032,
2009,  10,  24,  38.725,   8.997,  -1.000,   0.126,  -1.000,
2009,  10,  27,  38.725,   8.997,  -1.000,   0.143,   0.036,
2009,  10,  29,  38.725,   8.997,  -1.000,   0.174,   0.016,
2009,  10,  30,  38.725,   8.997,   0.040,   0.080,   0.049,
2009,  10,  31,  38.725,   8.997,   0.030,   0.086,   0.033,
2009,  11,   1,  38.725,   8.997,  -1.000,   0.061,   0.041,
2009,  11,   2,  38.725,   8.997,   0.030,   0.071,   0.051,
2009,  11,   5,  38.725,   8.997,   0.030,   0.141,   0.063,
2009,  11,   6,  38.725,   8.997,  -1.000,   0.144,   0.031,
2009,  11,   7,  38.725,   8.997,   0.090,   0.085,   0.031,
2009,  11,   8,  38.725,   8.997,  -1.000,   0.108,   0.066,
2009,  11,   9,  38.725,   8.997,   0.020,   0.070,   0.045,
2009,  11,  10,  38.725,   8.997,   0.040,   0.120,   0.055,
2009,  11,  11,  38.725,   8.997,  -1.000,   0.189,   0.026,
2009,  11,  12,  38.725,   8.997,   0.170,   0.155,   0.049,
2009,  11,  14,  38.725,   8.997,  -1.000,   0.195,   0.050,
2009,  11,  16,  38.725,   8.997,  -1.000,   0.249,  -1.000,
2009,  11,  17,  38.725,   8.997,  -1.000,   0.283,  -1.000,
2009,  11,  18,  38.725,   8.997,  -1.000,   0.146,   0.020,
2009,  11,  19,  38.725,   8.997,  -1.000,   0.328,  -1.000,
2009,  11,  21,  38.725,   8.997,   0.210,   0.158,   0.064,
2009,  11,  22,  38.725,   8.997,  -1.000,   0.168,   0.022,
2009,  11,  25,  38.725,   8.997,   0.130,   0.162,   0.033,
2009,  11,  26,  38.725,   8.997,   0.110,   0.128,   0.051,
2009,  11,  27,  38.725,   8.997,  -1.000,   0.123,   0.001,
2009,  12,   5,  38.725,   8.997,  -1.000,   0.172,  -1.000,
2009,  12,   7,  38.725,   8.997,  -0.020,   0.081,   0.055,
2009,  12,   9,  38.725,   8.997,  -1.000,   0.122,  -1.000,
2010,   1,   6,  38.725,   8.997,   0.310,   0.152,   0.101,
2010,   1,   8,  38.725,   8.997,  -1.000,   0.154,   0.035,
2010,   1,  10,  38.725,   8.997,   0.250,   0.238,   0.033,
2010,   1,  12,  38.725,   8.997,  -1.000,   0.139,   0.018,
2010,   1,  13,  38.725,   8.997,  -1.000,   0.083,   0.042,
2010,   1,  14,  38.725,   8.997,  -1.000,   0.111,  -1.000,
2010,   1,  15,  38.725,   8.997,   0.120,   0.112,   0.052,
2010,   1,  17,  38.725,   8.997,  -1.000,   0.457,  -1.000,
2010,   1,  24,  38.725,   8.997,  -1.000,   0.125,   0.049,
2010,   1,  25,  38.725,   8.997,  -1.000,   0.060,   0.014,
2010,   1,  26,  38.725,   8.997,   0.010,   0.055,   0.036,
2010,   1,  27,  38.725,   8.997,   0.050,   0.070,   0.016,
2010,   1,  29,  38.725,   8.997,  -1.000,   0.225,  -1.000,
2010,   1,  30,  38.725,   8.997,  -1.000,   0.190,   0.040,
2010,   1,  31,  38.725,   8.997,   0.000,   0.137,   0.082,
2010,   2,   2,  38.725,   8.997,   0.240,   0.164,   0.067,
2010,   2,  18,  38.725,   8.997,  -1.000,   0.255,  -1.000,
2010,   2,  19,  38.725,   8.997,  -1.000,   0.244,  -1.000,
2010,   2,  20,  38.725,   8.997,  -1.000,   0.132,   0.012,
2010,   3,  10,  38.725,   8.997,   0.040,   0.090,   0.034,
2010,   3,  11,  38.725,   8.997,  -1.000,   0.240,   0.066,
2010,   3,  13,  38.725,   8.997,  -0.040,   0.062,   0.050,
2010,   3,  14,  38.725,   8.997,  -1.000,   0.090,   0.024,
2010,   3,  15,  38.725,   8.997,  -1.000,   0.164,  -1.000,
2010,   3,  22,  38.725,   8.997,   0.030,   0.068,   0.044,
2010,   3,  24,  38.725,   8.997,   0.160,   0.130,   0.044,
2010,   3,  25,  38.725,   8.997,  -1.000,   0.124,  -1.000,
2010,   4,  23,  38.725,   8.997,  -1.000,   0.180,   0.117,
2010,   4,  30,  38.725,   8.997,  -1.000,   0.079,  -1.000,
2010,   5,   2,  38.725,   8.997,  -1.000,   0.091,   0.018,
2010,   6,   1,  38.725,   8.997,  -1.000,   0.377,   0.018,
2010,   6,  15,  38.725,   8.997,  -1.000,   0.288,   0.058,
2010,   6,  29,  38.725,   8.997,  -1.000,   0.457,  -1.000,
2010,   7,  10,  38.725,   8.997,  -1.000,   0.459,   0.047,
2010,   7,  17,  38.725,   8.997,  -1.000,   0.479,  -1.000,
2010,   8,  20,  38.725,   8.997,   0.170,   0.292,   0.106,
2010,   9,   5,  38.725,   8.997,  -1.000,   0.397,  -1.000,
2010,   9,  17,  38.725,   8.997,  -1.000,   0.331,  -1.000,
2010,   9,  26,  38.725,   8.997,  -1.000,   0.282,   0.035,
2010,  10,  11,  38.725,   8.997,  -1.000,   0.209,  -1.000,
2010,  10,  13,  38.725,   8.997,  -1.000,   0.235,  -1.000,
2010,  10,  14,  38.725,   8.997,  -1.000,   0.172,   0.060,
2010,  10,  20,  38.725,   8.997,  -1.000,   0.190,  -1.000,
2010,  10,  21,  38.725,   8.997,  -1.000,   0.219,  -1.000,
2010,  10,  24,  38.725,   8.997,  -1.000,   0.239,  -1.000,
2010,  10,  25,  38.725,   8.997,  -1.000,   0.329,   0.004,
2010,  10,  27,  38.725,   8.997,   0.080,   0.133,   0.040,
2010,  10,  28,  38.725,   8.997,   0.070,   0.235,   0.093,
2010,  10,  30,  38.725,   8.997,  -1.000,   0.139,  -1.000,
2010,  11,   1,  38.725,   8.997,   0.220,   0.097,   0.062,
2010,  11,   2,  38.725,   8.997,  -1.000,   0.192,   0.012,
2010,  11,   3,  38.725,   8.997,  -1.000,   0.145,   0.050,
2010,  11,   4,  38.725,   8.997,  -1.000,   0.145,   0.055,
2010,  11,   6,  38.725,   8.997,  -1.000,   0.108,  -1.000,
2010,  11,  10,  38.725,   8.997,   0.070,   0.137,   0.043,
2010,  11,  11,  38.725,   8.997,  -1.000,   0.247,  -1.000,
2010,  11,  17,  38.725,   8.997,  -1.000,   0.281,   0.019,
2010,  11,  18,  38.725,   8.997,  -1.000,   0.199,   0.028,
2010,  11,  19,  38.725,   8.997,   0.060,   0.118,   0.047,
2010,  11,  20,  38.725,   8.997,  -1.000,   0.282,   0.028,
2010,  11,  28,  38.725,   8.997,   0.130,   0.147,   0.037,
2010,  11,  29,  38.725,   8.997,   0.230,   0.223,   0.051,
2010,  11,  30,  38.725,   8.997,  -1.000,   0.212,   0.014,
2010,  12,   1,  38.725,   8.997,   0.060,   0.095,   0.076,
2010,  12,   3,  38.725,   8.997,   0.210,   0.103,   0.073,
2010,  12,   4,  38.725,   8.997,   0.110,   0.145,   0.027,
2010,  12,   5,  38.725,   8.997,  -1.000,   0.156,   0.046,
2010,  12,   6,  38.725,   8.997,  -1.000,   0.348,   0.017,
2010,  12,  10,  38.725,   8.997,  -1.000,   0.367,  -1.000,
2010,  12,  16,  38.725,   8.997,  -1.000,   0.234,  -1.000,
2010,  12,  17,  38.725,   8.997,   0.190,   0.182,   0.087,
2010,  12,  19,  38.725,   8.997,   0.270,   0.187,   0.072,
2010,  12,  20,  38.725,   8.997,   0.120,   0.140,   0.025,
2010,  12,  21,  38.725,   8.997,  -1.000,   0.127,   0.038,
2010,  12,  22,  38.725,   8.997,  -1.000,   0.216,   0.049,
2010,  12,  23,  38.725,   8.997,   0.110,   0.132,   0.023,
2010,  12,  24,  38.725,   8.997,  -1.000,   0.267,   0.067,
2010,  12,  26,  38.725,   8.997,  -1.000,   0.272,   0.014,
2011,   1,   4,  38.725,   8.997,  -1.000,   0.215,   0.015,
2011,   1,   6,  38.725,   8.997,  -1.000,   0.152,   0.036,
2011,   1,   7,  38.725,   8.997,  -1.000,   0.107,   0.079,
2011,   1,   9,  38.725,   8.997,   0.170,   0.141,   0.078,
2011,   1,  11,  38.725,   8.997,  -1.000,   0.172,  -1.000,
2011,   1,  14,  38.725,   8.997,  -1.000,   0.276,  -1.000,
2011,   1,  15,  38.725,   8.997,  -1.000,   0.280,   0.008,
2011,   1,  25,  38.725,   8.997,   0.170,   0.160,   0.091,
2011,   1,  27,  38.725,   8.997,  -1.000,   0.223,   0.098,
2011,   1,  28,  38.725,   8.997,  -1.000,   0.106,  -1.000,
2011,   1,  29,  38.725,   8.997,  -1.000,   0.158,   0.055,
2011,   2,   1,  38.725,   8.997,  -1.000,   0.264,  -1.000,
2011,   2,   5,  38.725,   8.997,   0.070,   0.081,   0.062,
2011,   2,   6,  38.725,   8.997,  -1.000,   0.081,   0.089,
2011,   2,   7,  38.725,   8.997,  -1.000,   0.065,   0.040,
2011,   2,   8,  38.725,   8.997,  -1.000,   0.088,   0.047,
2011,   2,   9,  38.725,   8.997,  -1.000,   0.190,   0.018,
2011,   2,  10,  38.725,   8.997,   0.130,   0.134,   0.091,
2011,   2,  12,  38.725,   8.997,   0.250,   0.211,   0.113,
2011,   2,  19,  38.725,   8.997,   0.150,   0.148,   0.090,
2011,   2,  21,  38.725,   8.997,  -1.000,   0.154,   0.062,
2011,   2,  25,  38.725,   8.997,  -1.000,   0.074,   0.020,
2011,   2,  28,  38.725,   8.997,  -0.040,   0.133,   0.084,
2011,   3,   2,  38.725,   8.997,   0.150,   0.113,   0.055,
2011,   3,   3,  38.725,   8.997,  -1.000,   0.083,  -1.000,
2011,   3,   4,  38.725,   8.997,  -1.000,   0.095,   0.045,
2011,   3,   9,  38.725,   8.997,  -1.000,   0.125,   0.066,
2011,   3,  10,  38.725,   8.997,  -1.000,   0.198,  -1.000,
2011,   3,  23,  38.725,   8.997,   0.280,   0.184,   0.085,
2011,   3,  25,  38.725,   8.997,   0.130,   0.092,   0.070,
2011,   3,  26,  38.725,   8.997,   0.060,   0.081,   0.011,
2011,   3,  27,  38.725,   8.997,   0.050,   0.071,   0.032,
2011,   3,  28,  38.725,   8.997,  -1.000,   0.208,  -1.000,
2011,   3,  29,  38.725,   8.997,   0.170,   0.134,   0.038,
2011,   4,   1,  38.725,   8.997,   0.290,   0.169,   0.120,
2011,   4,  11,  38.725,   8.997,  -1.000,   0.161,  -1.000,
2011,   4,  13,  38.725,   8.997,  -1.000,   0.146,   0.075,
2011,   4,  17,  38.725,   8.997,  -1.000,   0.254,  -1.000,
2011,   4,  26,  38.725,   8.997,  -1.000,   0.276,   0.027,
2011,   5,  14,  38.725,   8.997,  -1.000,   0.232,   0.008,
2011,   6,   4,  38.725,   8.997,  -1.000,   0.320,  -1.000,
2011,   6,  18,  38.725,   8.997,  -1.000,   0.677,   0.113,
2011,   6,  22,  38.725,   8.997,  -1.000,   0.803,  -1.000,
2011,   7,   1,  38.725,   8.997,   0.930,   0.872,   0.053,
2011,   7,   2,  38.725,   8.997,  -1.000,   0.715,  -1.000,
2011,   7,  22,  38.725,   8.997,  -1.000,   0.593,  -1.000,
2011,   7,  29,  38.725,   8.997,  -1.000,   0.453,   0.059,
2011,   8,  16,  38.725,   8.997,  -1.000,   0.480,   0.030,
2011,   8,  17,  38.725,   8.997,  -1.000,   0.401,  -1.000,
2011,   8,  18,  38.725,   8.997,  -1.000,   0.313,  -1.000,
2011,   8,  23,  38.725,   8.997,  -1.000,   0.413,   0.036,
2011,   9,  20,  38.725,   8.997,  -1.000,   0.352,  -1.000,
2011,   9,  30,  38.725,   8.997,  -1.000,   0.190,  -1.000,
2011,  10,   1,  38.725,   8.997,  -1.000,   0.233,   0.039,
2011,  10,   3,  38.725,   8.997,  -1.000,   0.219,   0.030,
2011,  10,   4,  38.725,   8.997,  -1.000,   0.074,  -1.000,
2011,  10,   8,  38.725,   8.997,  -1.000,   0.413,  -1.000,
2011,  10,  12,  38.725,   8.997,  -1.000,   0.104,   0.044,
2011,  10,  13,  38.725,   8.997,   0.010,   0.059,   0.058,
2011,  10,  17,  38.725,   8.997,  -1.000,   0.221,  -1.000,
2011,  10,  19,  38.725,   8.997,  -1.000,   0.082,   0.024,
2011,  10,  20,  38.725,   8.997,  -1.000,   0.084,   0.032,
2011,  10,  21,  38.725,   8.997,  -0.010,   0.081,   0.026,
2011,  10,  22,  38.725,   8.997,  -0.020,   0.107,   0.039,
2011,  10,  24,  38.725,   8.997,  -1.000,   0.153,   0.064,
2011,  10,  26,  38.725,   8.997,  -1.000,   0.105,   0.046,
2011,  10,  27,  38.725,   8.997,  -1.000,   0.232,  -1.000,
2011,  10,  28,  38.725,   8.997,  -1.000,   0.275,   0.043,
2011,  10,  29,  38.725,   8.997,   0.010,   0.108,   0.087,
2011,  10,  31,  38.725,   8.997,   0.080,   0.181,   0.072,
2011,  11,  12,  38.725,   8.997,  -1.000,   0.244,   0.012,
2011,  11,  13,  38.725,   8.997,   0.190,   0.209,   0.047,
2011,  11,  14,  38.725,   8.997,   0.140,   0.184,   0.054,
2011,  11,  15,  38.725,   8.997,   0.100,   0.109,   0.000,
2011,  11,  16,  38.725,   8.997,   0.070,   0.130,   0.060,
2011,  11,  17,  38.725,   8.997,  -1.000,   0.304,  -1.000,
2011,  11,  18,  38.725,   8.997,   0.020,   0.131,   0.087,
2011,  11,  20,  38.725,   8.997,   0.160,   0.207,   0.034,
2011,  11,  21,  38.725,   8.997,  -1.000,   0.155,   0.042,
2011,  11,  22,  38.725,   8.997,   0.080,   0.142,   0.042,
2011,  12,   4,  38.725,   8.997,   0.220,   0.126,   0.090,
2011,  12,   6,  38.725,   8.997,  -0.010,   0.107,   0.089,
2011,  12,   7,  38.725,   8.997,   0.060,   0.115,   0.049,
2011,  12,   8,  38.725,   8.997,   0.000,   0.062,   0.053,
2011,  12,   9,  38.725,   8.997,  -1.000,   0.106,   0.068,
2011,  12,  10,  38.725,   8.997,   0.130,   0.140,   0.022,
2011,  12,  11,  38.725,   8.997,   0.060,   0.110,   0.077,
2011,  12,  13,  38.725,   8.997,   0.150,   0.104,   0.070,
2011,  12,  14,  38.725,   8.997,  -1.000,   0.143,   0.030,
2011,  12,  15,  38.725,   8.997,   0.230,   0.151,   0.054,
2011,  12,  16,  38.725,   8.997,  -1.000,   0.258,  -1.000,
2011,  12,  17,  38.725,   8.997,  -1.000,   0.330,  -1.000,
2011,  12,  19,  38.725,   8.997,   0.150,   0.162,   0.009,
2011,  12,  20,  38.725,   8.997,   0.040,   0.107,   0.074,
2011,  12,  23,  38.725,   8.997,  -1.000,   0.214,   0.020,
2011,  12,  24,  38.725,   8.997,   0.190,   0.200,   0.036,
2011,  12,  25,  38.725,   8.997,  -1.000,   0.272,   0.008,
2011,  12,  26,  38.725,   8.997,   0.110,   0.138,   0.021,
2011,  12,  27,  38.725,   8.997,   0.120,   0.109,   0.084,
2011,  12,  29,  38.725,   8.997,  -1.000,   0.118,   0.085,
2011,  12,  30,  38.725,   8.997,  -1.000,   0.119,   0.089,
2011,  12,  31,  38.725,   8.997,   0.140,   0.073,   0.055,
2012,   1,   1,  38.725,   8.997,  -1.000,   0.174,  -1.000,
2012,   1,   2,  38.725,   8.997,   0.050,   0.049,   0.003,
2012,   1,   3,  38.725,   8.997,  -1.000,   0.221,  -1.000,
2012,   1,   4,  38.725,   8.997,  -1.000,   0.086,   0.016,
2012,   1,   5,  38.725,   8.997,   0.230,   0.143,   0.088,
2012,   1,   7,  38.725,   8.997,   0.100,   0.116,   0.065,
2012,   1,  11,  38.725,   8.997,   0.100,   0.101,   0.026,
2012,   1,  12,  38.725,   8.997,  -0.040,   0.214,   0.017,
2012,   1,  14,  38.725,   8.997,   0.150,   0.142,   0.087,
2012,   1,  18,  38.725,   8.997,   0.260,   0.266,   0.008,
2012,   1,  19,  38.725,   8.997,   0.170,   0.215,   0.049,
2012,   1,  20,  38.725,   8.997,  -1.000,   0.143,  -1.000,
2012,   1,  21,  38.725,   8.997,   0.210,   0.183,   0.107,
2012,   1,  23,  38.725,   8.997,  -1.000,   0.279,   0.050,
2012,   1,  28,  38.725,   8.997,   0.180,   0.196,   0.074,
2012,   1,  30,  38.725,   8.997,  -1.000,   0.228,   0.081,
2012,   1,  31,  38.725,   8.997,  -1.000,   0.128,   0.038,
2012,   2,   1,  38.725,   8.997,   0.160,   0.115,   0.040,
2012,   2,   2,  38.725,   8.997,  -1.000,   0.237,  -1.000,
2012,   2,   3,  38.725,   8.997,   0.150,   0.145,   0.060,
2012,   2,   4,  38.725,   8.997,  -1.000,   0.196,   0.120,
2012,   2,   5,  38.725,   8.997,  -1.000,   0.212,   0.054,
2012,   2,   6,  38.725,   8.997,  -1.000,   0.328,   0.071,
2012,   2,   8,  38.725,   8.997,   0.290,   0.193,   0.105,
2012,   2,   9,  38.725,   8.997,   0.160,   0.203,   0.059,
2012,   2,  10,  38.725,   8.997,  -1.000,   0.093,   0.077,
2012,   2,  11,  38.725,   8.997,  -1.000,   0.256,  -1.000,
2012,   2,  12,  38.725,   8.997,   0.090,   0.109,   0.042,
2012,   2,  17,  38.725,   8.997,   0.130,   0.186,   0.077,
2012,   2,  19,  38.725,   8.997,  -1.000,   0.114,   0.011,
2012,   2,  21,  38.725,   8.997,  -1.000,   0.104,  -1.000,
2012,   2,  24,  38.725,   8.997,   0.280,   0.214,   0.118,
2012,   3,  11,  38.725,   8.997,   0.200,   0.215,   0.132,
2012,   3,  12,  38.725,   8.997,  -1.000,   0.198,   0.053,
2012,   3,  13,  38.725,   8.997,   0.220,   0.220,   0.061,
2012,   3,  18,  38.725,   8.997,   0.220,   0.264,   0.147,
2012,   3,  20,  38.725,   8.997,  -1.000,   0.398,  -1.000,
2012,   3,  27,  38.725,   8.997,  -1.000,   0.389,   0.180,
2012,   4,  19,  38.725,   8.997,  -1.000,   0.176,  -1.000,
2012,   5,  28,  38.725,   8.997,   0.440,   0.348,   0.089,
2012,   6,   6,  38.725,   8.997,  -1.000,   0.740,  -1.000,
2012,   6,  22,  38.725,   8.997,  -1.000,   0.272,  -1.000,
2012,   6,  24,  38.725,   8.997,   0.390,   0.251,   0.091,
2012,   7,   8,  38.725,   8.997,   0.720,   0.788,   0.127,
2012,   7,  10,  38.725,   8.997,  -1.000,   0.390,  -1.000,
2012,   8,  14,  38.725,   8.997,  -1.000,   0.372,  -1.000,
2012,   8,  16,  38.725,   8.997,  -1.000,   0.542,  -1.000,
2012,   9,   1,  38.725,   8.997,  -1.000,   0.328,   0.062,
2012,   9,   5,  38.725,   8.997,  -1.000,   0.447,  -1.000,
2012,   9,  26,  38.725,   8.997,  -1.000,   0.332,   0.036,
2012,  10,   3,  38.725,   8.997,  -1.000,   0.186,   0.015,
2012,  10,   5,  38.725,   8.997,  -1.000,   0.185,   0.007,
2012,  10,   8,  38.725,   8.997,  -1.000,   0.184,   0.045,
2012,  10,   9,  38.725,   8.997,  -1.000,   0.252,  -1.000,
2012,  10,  12,  38.725,   8.997,  -1.000,   0.177,   0.012,
2012,  10,  14,  38.725,   8.997,   0.080,   0.095,   0.018,
2012,  10,  15,  38.725,   8.997,   0.030,   0.031,  -1.000,
2012,  10,  16,  38.725,   8.997,   0.040,   0.076,   0.036,
2012,  10,  17,  38.725,   8.997,  -1.000,   0.168,   0.042,
2012,  10,  18,  38.725,   8.997,  -1.000,   0.127,   0.016,
2012,  10,  19,  38.725,   8.997,  -1.000,   0.139,   0.037,
2012,  10,  21,  38.725,   8.997,   0.270,   0.131,   0.087,
2012,  10,  23,  38.725,   8.997,  -1.000,   0.182,  -1.000,
2012,  10,  24,  38.725,   8.997,   0.000,   0.162,   0.056,
2012,  10,  25,  38.725,   8.997,   0.110,   0.139,   0.023,
2012,  10,  26,  38.725,   8.997,   0.000,   0.126,   0.078,
2012,  11,   1,  38.725,   8.997,   0.140,   0.159,   0.013,
2012,  11,   2,  38.725,   8.997,  -1.000,   0.111,   0.047,
2012,  11,   6,  38.725,   8.997,  -1.000,   0.360,  -1.000,
2012,  11,   7,  38.725,   8.997,  -1.000,   0.238,  -1.000,
2012,  11,   8,  38.725,   8.997,  -1.000,   0.213,   0.011,
2012,  11,   9,  38.725,   8.997,  -1.000,   0.208,   0.033,
2012,  11,  10,  38.725,   8.997,  -1.000,   0.101,   0.023,
2012,  11,  11,  38.725,   8.997,  -1.000,   0.113,   0.100,
2012,  11,  13,  38.725,   8.997,  -0.020,   0.115,   0.065,
2012,  11,  14,  38.725,   8.997,   0.130,   0.162,   0.038,
2012,  11,  15,  38.725,   8.997,  -1.000,   0.156,   0.040,
2012,  11,  18,  38.725,   8.997,  -1.000,   0.065,   0.031,
2012,  11,  19,  38.725,   8.997,  -1.000,   0.169,  -1.000,
2012,  11,  20,  38.725,   8.997,   0.030,   0.122,   0.094,
2012,  11,  23,  38.725,   8.997,  -1.000,   0.178,   0.037,
2012,  11,  24,  38.725,   8.997,   0.140,   0.155,   0.034,
2012,  11,  25,  38.725,   8.997,  -1.000,   0.268,  -1.000,
2012,  11,  27,  38.725,   8.997,  -1.000,   0.147,   0.117,
2012,  12,   1,  38.725,   8.997,   0.180,   0.123,   0.052,
2012,  12,   2,  38.725,   8.997,   0.100,   0.143,   0.066,
2012,  12,   8,  38.725,   8.997,  -1.000,   0.104,  -1.000,
2012,  12,   9,  38.725,   8.997,   0.090,   0.134,   0.049,
2012,  12,  10,  38.725,   8.997,  -1.000,   0.094,   0.042,
2012,  12,  11,  38.725,   8.997,  -1.000,   0.146,   0.075,
2012,  12,  12,  38.725,   8.997,   0.070,   0.097,   0.041,
2012,  12,  13,  38.725,   8.997,  -1.000,   0.084,   0.052,
2012,  12,  15,  38.725,   8.997,  -1.000,   0.140,   0.077,
2012,  12,  20,  38.725,   8.997,   0.190,   0.123,   0.080,
2012,  12,  22,  38.725,   8.997,  -1.000,   0.173,   0.083,
2012,  12,  24,  38.725,   8.997,   0.020,   0.095,   0.071,
2012,  12,  25,  38.725,   8.997,   0.110,   0.114,   0.045,
2012,  12,  26,  38.725,   8.997,   0.190,   0.133,   0.059,
2012,  12,  27,  38.725,   8.997,   0.160,   0.137,   0.078,
2012,  12,  29,  38.725,   8.997,  -1.000,   0.268,  -1.000,
2012,  12,  31,  38.725,   8.997,   0.240,   0.275,   0.036,
2013,   1,   2,  38.725,   8.997,   0.330,   0.214,   0.080,
2013,   1,   4,  38.725,   8.997,  -1.000,   0.103,   0.034,
2013,   1,   5,  38.725,   8.997,   0.260,   0.173,   0.083,
2013,   1,  13,  38.725,   8.997,  -1.000,   0.134,   0.024,
2013,   1,  14,  38.725,   8.997,  -1.000,   0.141,   0.131,
2013,   1,  17,  38.725,   8.997,  -1.000,   0.131,  -1.000,
2013,   1,  18,  38.725,   8.997,   0.090,   0.138,   0.064,
2013,   1,  19,  38.725,   8.997,  -1.000,   0.212,   0.042,
2013,   1,  20,  38.725,   8.997,  -1.000,   0.103,   0.037,
2013,   1,  21,  38.725,   8.997,  -1.000,   0.194,   0.094,
2013,   1,  22,  38.725,   8.997,  -1.000,   0.101,   0.009,
2013,   1,  23,  38.725,   8.997,  -1.000,   0.270,   0.058,
2013,   1,  26,  38.725,   8.997,  -1.000,   0.319,  -1.000,
2013,   1,  27,  38.725,   8.997,   0.190,   0.173,   0.046,
2013,   1,  28,  38.725,   8.997,  -1.000,   0.207,   0.081,
2013,   1,  29,  38.725,   8.997,   0.390,   0.359,   0.054,
2013,   1,  30,  38.725,   8.997,   0.180,   0.265,   0.105,
2013,   2,   7,  38.725,   8.997,  -1.000,   0.262,  -1.000,
2013,   2,   8,  38.725,   8.997,   0.210,   0.185,   0.128,
2013,   2,  10,  38.725,   8.997,   0.200,   0.185,   0.131,
2013,   2,  11,  38.725,   8.997,  -1.000,   0.206,   0.055,
2013,   2,  12,  38.725,   8.997,   0.260,   0.245,   0.048,
2013,   2,  13,  38.725,   8.997,  -1.000,   0.289,  -1.000,
2013,   2,  14,  38.725,   8.997,  -1.000,   0.092,   0.023,
2013,   2,  15,  38.725,   8.997,  -1.000,   0.318,  -1.000,
2013,   2,  17,  38.725,   8.997,   0.180,   0.199,   0.103,
2013,   2,  18,  38.725,   8.997,  -1.000,   0.148,   0.044,
2013,   2,  19,  38.725,   8.997,   0.250,   0.180,   0.080,
2013,   2,  20,  38.725,   8.997,  -1.000,   0.225,   0.042,
2013,   2,  23,  38.725,   8.997,  -1.000,   0.161,   0.016,
2013,   2,  24,  38.725,   8.997,  -1.000,   0.208,   0.159,
2013,   2,  26,  38.725,   8.997,   0.090,   0.183,   0.134,
2013,   2,  27,  38.725,   8.997,  -1.000,   0.240,   0.060,
2013,   2,  28,  38.725,   8.997,   0.160,   0.218,   0.066,
2013,   3,   5,  38.725,   8.997,  -1.000,   0.326,   0.061,
2013,   3,   9,  38.725,   8.997,   0.300,   0.327,   0.033,
2013,   3,  16,  38.725,   8.997,  -1.000,   0.289,   0.056,
2013,   3,  30,  38.725,   8.997,  -1.000,   0.030,   0.018,
2013,   4,   6,  38.725,   8.997,  -1.000,   0.343,  -1.000,
2013,   4,  15,  38.725,   8.997,   0.020,   0.072,   0.046,
2013,   4,  24,  38.725,   8.997,  -1.000,   0.138,   0.024,
2013,   5,   8,  38.725,   8.997,  -1.000,   0.317,   0.020,
2013,   5,  15,  38.725,   8.997,  -1.000,   0.320,  -1.000,
2013,   6,   2,  38.725,   8.997,  -1.000,   0.357,  -1.000,
2013,   6,   4,  38.725,   8.997,  -1.000,   0.340,  -1.000,
2013,   6,  11,  38.725,   8.997,  -1.000,   0.551,  -1.000,
2013,   7,   2,  38.725,   8.997,  -1.000,   0.417,  -1.000,
2013,   7,   4,  38.725,   8.997,  -1.000,   0.315,  -1.000,
2013,   7,  11,  38.725,   8.997,  -1.000,   0.725,   0.112,
2013,   7,  15,  38.725,   8.997,   0.280,   0.319,   0.042,
2013,   7,  16,  38.725,   8.997,  -1.000,   0.439,  -1.000,
2013,   8,  28,  38.725,   8.997,  -1.000,   0.496,   0.048,
2013,   9,  11,  38.725,   8.997,  -1.000,   0.409,  -1.000,
2013,   9,  20,  38.725,   8.997,  -1.000,   0.294,  -1.000,
2013,   9,  27,  38.725,   8.997,  -1.000,   0.360,  -1.000,
2013,  10,  21,  38.725,   8.997,  -1.000,   0.150,  -1.000,
2013,  10,  22,  38.725,   8.997,  -1.000,   0.226,  -1.000,
2013,  10,  26,  38.725,   8.997,   0.040,   0.083,   0.044,
2013,  10,  27,  38.725,   8.997,   0.000,   0.067,  -1.000,
2013,  11,   1,  38.725,   8.997,  -1.000,   0.175,  -1.000,
2013,  11,   2,  38.725,   8.997,  -1.000,   0.185,  -1.000,
2013,  11,   7,  38.725,   8.997,  -1.000,   0.068,   0.057,
2013,  11,  10,  38.725,   8.997,  -1.000,   0.215,  -1.000,
2013,  11,  11,  38.725,   8.997,   0.130,   0.141,   0.024,
2013,  11,  23,  38.725,   8.997,  -1.000,   0.113,   0.093,
2013,  11,  25,  38.725,   8.997,  -1.000,   0.128,  -1.000,
2013,  11,  27,  38.725,   8.997,   0.080,   0.129,   0.034,
2013,  11,  29,  38.725,   8.997,  -1.000,   0.109,   0.023,
2013,  11,  30,  38.725,   8.997,  -1.000,   0.104,   0.061,
2013,  12,   2,  38.725,   8.997,  -1.000,   0.119,   0.067,
2013,  12,   3,  38.725,   8.997,  -1.000,   0.128,  -1.000,
2013,  12,   4,  38.725,   8.997,   0.150,   0.133,   0.041,
2013,  12,   5,  38.725,   8.997,  -1.000,   0.134,   0.048,
2013,  12,   6,  38.725,   8.997,   0.100,   0.101,   0.023,
2013,  12,   7,  38.725,   8.997,  -1.000,   0.076,   0.082,
2013,  12,   8,  38.725,   8.997,  -1.000,   0.102,   0.009,
2013,  12,   9,  38.725,   8.997,   0.090,   0.102,   0.056,
2013,  12,  11,  38.725,   8.997,  -1.000,   0.149,   0.095,
2013,  12,  18,  38.725,   8.997,  -1.000,   0.080,   0.077,
2013,  12,  19,  38.725,   8.997,  -1.000,   0.147,  -1.000,
2013,  12,  20,  38.725,   8.997,  -1.000,   0.088,   0.053,
2013,  12,  21,  38.725,   8.997,  -1.000,   0.105,   0.031,
2013,  12,  22,  38.725,   8.997,  -1.000,   0.143,   0.037,
2013,  12,  23,  38.725,   8.997,   0.280,   0.306,   0.029,
2013,  12,  25,  38.725,   8.997,   0.220,   0.142,   0.075,
2013,  12,  27,  38.725,   8.997,   0.460,   0.337,   0.117,
2013,  12,  28,  38.725,   8.997,  -1.000,   0.307,  -1.000,
2013,  12,  29,  38.725,   8.997,  -1.000,   0.281,   0.055,
2013,  12,  30,  38.725,   8.997,  -1.000,   0.409,  -1.000,
2013,  12,  31,  38.725,   8.997,  -1.000,   0.343,  -1.000,
2014,   1,   3,  38.725,   8.997,  -1.000,   0.035,   0.033,
2014,   1,   4,  38.725,   8.997,  -1.000,   0.111,  -1.000,
2014,   1,   5,  38.725,   8.997,  -1.000,   0.230,   0.058,
2014,   1,  10,  38.725,   8.997,   0.140,   0.108,   0.092,
2014,   1,  16,  38.725,   8.997,   0.160,   0.169,  -1.000,
2014,   1,  17,  38.725,   8.997,   0.250,   0.275,   0.103,
2014,   1,  19,  38.725,   8.997,  -1.000,   0.370,   0.046,
2014,   1,  23,  38.725,   8.997,   0.140,   0.158,   0.038,
2014,   1,  24,  38.725,   8.997,   0.120,   0.176,   0.068,
2014,   1,  25,  38.725,   8.997,  -1.000,   0.126,   0.012,
2014,   1,  26,  38.725,   8.997,   0.250,   0.213,   0.103,
2014,   1,  30,  38.725,   8.997,  -1.000,   0.269,  -1.000,
2014,   1,  31,  38.725,   8.997,  -1.000,   0.211,   0.076,
2014,   2,   1,  38.725,   8.997,   0.150,   0.169,   0.040,
2014,   2,   2,  38.725,   8.997,  -1.000,   0.284,   0.060,
2014,   3,   1,  38.725,   8.997,  -1.000,   0.176,   0.089,
2014,   3,   8,  38.725,   8.997,   0.160,   0.177,   0.135,
2014,   3,   9,  38.725,   8.997,   0.090,   0.096,   0.004,
2014,   3,  10,  38.725,   8.997,   0.100,   0.155,   0.058,
2014,   3,  19,  38.725,   8.997,  -1.000,   0.067,   0.065,
2014,   3,  21,  38.725,   8.997,   0.220,   0.205,   0.027,
2014,   5,  30,  38.725,   8.997,   0.090,   0.093,   0.047,
2014,   6,  16,  38.725,   8.997,   0.270,   0.323,   0.066,
2014,   6,  28,  38.725,   8.997,  -1.000,   0.392,   0.039,
2014,   7,   3,  38.725,   8.997,  -1.000,   0.338,  -1.000,
2014,   7,  10,  38.725,   8.997,  -1.000,   0.536,  -1.000,
2014,   8,  10,  38.725,   8.997,  -1.000,   0.277,  -1.000,
2014,   8,  27,  38.725,   8.997,  -1.000,   0.310,  -1.000,
2014,   8,  31,  38.725,   8.997,  -1.000,   0.305,   0.018,
2014,  10,  22,  38.725,   8.997,  -1.000,   0.124,  -1.000,
2014,  10,  23,  38.725,   8.997,  -1.000,   0.179,  -1.000,
2014,  10,  24,  38.725,   8.997,  -1.000,   0.097,   0.009,
2014,  10,  25,  38.725,   8.997,  -1.000,   0.080,   0.037,
2014,  10,  29,  38.725,   8.997,  -1.000,   0.086,   0.033,
2014,  10,  31,  38.725,   8.997,   0.090,   0.125,   0.042,
2014,  11,   1,  38.725,   8.997,  -1.000,   0.222,  -1.000,
2014,  11,   3,  38.725,   8.997,  -1.000,   0.094,   0.038,
2014,  11,   4,  38.725,   8.997,  -1.000,   0.155,   0.019,
2014,  11,   5,  38.725,   8.997,   0.020,   0.105,   0.045,
2014,  11,   6,  38.725,   8.997,  -0.010,   0.089,   0.001,
2014,  11,   7,  38.725,   8.997,  -1.000,   0.123,  -1.000,
2014,  11,   8,  38.725,   8.997,  -1.000,   0.246,  -1.000,
2014,  11,   9,  38.725,   8.997,  -1.000,   0.121,   0.020,
2014,  11,  10,  38.725,   8.997,  -1.000,   0.103,   0.088,
2014,  11,  17,  38.725,   8.997,  -1.000,   0.302,  -1.000,
2014,  11,  19,  38.725,   8.997,  -1.000,   0.272,  -1.000,
2014,  11,  24,  38.725,   8.997,  -1.000,   0.370,  -1.000,
2014,  11,  28,  38.725,   8.997,  -1.000,   0.073,   0.049,
2014,  12,   3,  38.725,   8.997,   0.200,   0.127,   0.092,
2014,  12,   5,  38.725,   8.997,   0.280,   0.164,   0.098,
2014,  12,  10,  38.725,   8.997,  -1.000,   0.130,   0.120,
2014,  12,  11,  38.725,   8.997,  -1.000,   0.105,   0.023,
2014,  12,  12,  38.725,   8.997,   0.120,   0.119,   0.073,
2014,  12,  14,  38.725,   8.997,   0.040,   0.086,   0.063,
2014,  12,  15,  38.725,   8.997,  -1.000,   0.166,   0.034,
2014,  12,  16,  38.725,   8.997,   0.200,   0.220,   0.053,
2014,  12,  18,  38.725,   8.997,  -1.000,   0.240,  -1.000,
2014,  12,  19,  38.725,   8.997,  -1.000,   0.197,  -1.000,
2014,  12,  21,  38.725,   8.997,  -1.000,   0.250,   0.037,
2014,  12,  22,  38.725,   8.997,  -1.000,   0.265,  -1.000,
2014,  12,  23,  38.725,   8.997,   0.340,   0.289,   0.073,
2014,  12,  25,  38.725,   8.997,   0.140,   0.163,   0.047,
2014,  12,  26,  38.725,   8.997,  -1.000,   0.374,  -1.000,
2014,  12,  27,  38.725,   8.997,  -1.000,   0.324,  -1.000,
2014,  12,  28,  38.725,   8.997,  -1.000,   0.322,   0.025,
2014,  12,  30,  38.725,   8.997,   0.090,   0.125,   0.077,
2014,  12,  31,  38.725,   8.997,  -1.000,   0.164,   0.069,
2015,   1,   1,  38.725,   8.997,  -1.000,   0.200,  -1.000,
2015,   1,   3,  38.725,   8.997,   0.110,   0.098,   0.055,
2015,   1,   4,  38.725,   8.997,   0.220,   0.182,   0.101,
2015,   1,   6,  38.725,   8.997,   0.350,   0.307,   0.061,
2015,   1,   7,  38.725,   8.997,  -1.000,   0.215,   0.040,
2015,   1,   8,  38.725,   8.997,   0.250,   0.153,   0.081,
2015,   1,   9,  38.725,   8.997,   0.250,   0.253,   0.001,
2015,   1,  15,  38.725,   8.997,   0.240,   0.152,   0.092,
2015,   1,  16,  38.725,   8.997,   0.190,   0.227,   0.038,
2015,   1,  17,  38.725,   8.997,  -1.000,   0.238,   0.059,
2015,   1,  22,  38.725,   8.997,  -1.000,   0.242,   0.100,
2015,   1,  24,  38.725,   8.997,  -1.000,   0.298,   0.074,
2015,   1,  25,  38.725,   8.997,  -1.000,   0.273,  -1.000,
2015,   1,  26,  38.725,   8.997,  -1.000,   0.111,   0.012,
2015,   1,  28,  38.725,   8.997,  -1.000,   0.126,   0.013,
2015,   1,  31,  38.725,   8.997,  -1.000,   0.186,   0.144,
2015,   2,   1,  38.725,   8.997,   0.110,   0.155,   0.052,
2015,   2,   3,  38.725,   8.997,  -1.000,   0.206,   0.071,
2015,   2,   4,  38.725,   8.997,   0.120,   0.130,   0.051,
2015,   2,   5,  38.725,   8.997,   0.240,   0.303,   0.077,
2015,   2,   7,  38.725,   8.997,  -1.000,   0.313,   0.008,
2015,   2,   9,  38.725,   8.997,   0.250,   0.229,   0.065,
2015,   2,  11,  38.725,   8.997,  -1.000,   0.287,  -1.000,
2015,   2,  12,  38.725,   8.997,  -1.000,   0.256,   0.095,
2015,   2,  18,  38.725,   8.997,   0.170,   0.218,   0.060,
2015,   3,   1,  38.725,   8.997,  -1.000,   0.240,   0.031,
2015,   3,   4,  38.725,   8.997,   0.290,   0.301,   0.057,
2015,   3,   5,  38.725,   8.997,  -1.000,   0.172,   0.079,
2015,   3,   6,  38.725,   8.997,   0.230,   0.245,   0.057,
2015,   3,   8,  38.725,   8.997,  -1.000,   0.184,   0.048,
2015,   3,  11,  38.725,   8.997,  -1.000,   0.497,  -1.000,
2015,   3,  14,  38.725,   8.997,  -1.000,   0.324,  -1.000,
2015,   3,  15,  38.725,   8.997,   0.240,   0.252,   0.007,
2015,   3,  18,  38.725,   8.997,  -1.000,   0.605,  -1.000,
2015,   3,  27,  38.725,   8.997,  -1.000,   0.124,  -1.000,
2015,   4,   5,  38.725,   8.997,  -1.000,   0.698,   0.198,
2015,   4,   6,  38.725,   8.997,  -1.000,   0.363,   0.064,
2015,   4,  18,  38.725,   8.997,  -1.000,   0.176,   0.016,
2015,   4,  19,  38.725,   8.997,   0.260,   0.213,   0.072,
2015,   4,  21,  38.725,   8.997,   0.330,   0.209,   0.098,
2015,   4,  23,  38.725,   8.997,  -1.000,   0.095,   0.053,
2015,   4,  29,  38.725,   8.997,  -1.000,   0.176,  -1.000,
2015,   4,  30,  38.725,   8.997,   0.130,   0.225,   0.090,
2015,   5,  20,  38.725,   8.997,  -1.000,   0.331,   0.003,
2015,   7,  10,  38.725,   8.997,  -1.000,   0.798,  -1.000,
2015,   7,  12,  38.725,   8.997,  -1.000,   0.356,  -1.000,
2015,   7,  17,  38.725,   8.997,  -1.000,   0.521,   0.040,
2015,   8,  14,  38.725,   8.997,  -1.000,   0.454,  -1.000,
2015,   8,  16,  38.725,   8.997,  -1.000,   0.429,   0.024,
2015,   8,  18,  38.725,   8.997,  -1.000,   0.546,   0.072,
2015,   8,  22,  38.725,   8.997,  -1.000,   0.220,  -1.000,
2015,   8,  23,  38.725,   8.997,  -1.000,   0.306,  -1.000,
2015,   9,   3,  38.725,   8.997,  -1.000,   0.337,   0.010,
2015,   9,  26,  38.725,   8.997,  -1.000,   0.331,   0.015,
2015,   9,  30,  38.725,   8.997,  -1.000,   0.152,  -1.000,
2015,  10,   1,  38.725,   8.997,  -1.000,   0.228,  -1.000,
2015,  10,   2,  38.725,   8.997,  -1.000,   0.133,  -1.000,
2015,  10,   3,  38.725,   8.997,  -1.000,   0.184,   0.013,
2015,  10,  14,  38.725,   8.997,  -1.000,   0.300,  -1.000,
2015,  10,  16,  38.725,   8.997,   0.120,   0.161,   0.041,
2015,  10,  17,  38.725,   8.997,   0.150,   0.225,   0.105,
2015,  10,  22,  38.725,   8.997,  -1.000,   0.285,  -1.000,
2015,  10,  23,  38.725,   8.997,  -1.000,   0.153,  -1.000,
2015,  10,  24,  38.725,   8.997,  -1.000,   0.179,   0.063,
2015,  11,  13,  38.725,   8.997,  -1.000,   0.326,  -1.000,
2015,  11,  15,  38.725,   8.997,  -0.030,   0.044,   0.038,
2015,  11,  18,  38.725,   8.997,  -1.000,   0.194,  -1.000,
2015,  11,  20,  38.725,   8.997,  -1.000,   0.116,   0.087,
2015,  11,  22,  38.725,   8.997,   0.230,   0.121,   0.076,
2015,  11,  23,  38.725,   8.997,  -1.000,   0.158,   0.029,
2015,  11,  24,  38.725,   8.997,   0.180,   0.163,   0.020,
2015,  11,  25,  38.725,   8.997,   0.270,   0.254,   0.033,
2015,  12,   1,  38.725,   8.997,  -1.000,   0.237,  -1.000,
2015,  12,   2,  38.725,   8.997,  -1.000,   0.235,  -1.000,
2015,  12,   3,  38.725,   8.997,   0.150,   0.149,   0.033,
2015,  12,   4,  38.725,   8.997,   0.130,   0.198,   0.055,
2015,  12,   5,  38.725,   8.997,  -1.000,   0.209,  -1.000,
2015,  12,  21,  38.725,   8.997,   0.140,   0.133,   0.016,
2015,  12,  22,  38.725,   8.997,  -1.000,   0.136,   0.083,
2015,  12,  24,  38.725,   8.997,  -1.000,   0.247,  -1.000,
2015,  12,  29,  38.725,   8.997,  -1.000,   0.040,   0.004,
2015,  12,  31,  38.725,   8.997,  -1.000,   0.280,  -1.000,
2016,   1,   6,  38.725,   8.997,  -1.000,   0.181,   0.061,
2016,   1,   9,  38.725,   8.997,  -1.000,   0.228,   0.010,
2016,   1,  22,  38.725,   8.997,  -1.000,   0.205,  -1.000,
2016,   1,  23,  38.725,   8.997,   0.270,   0.219,   0.049,
2016,   1,  25,  38.725,   8.997,   0.230,   0.173,   0.120,
2016,   1,  26,  38.725,   8.997,  -1.000,   0.035,  -1.000,
2016,   1,  27,  38.725,   8.997,  -1.000,   0.122,  -1.000,
2016,   2,   3,  38.725,   8.997,   0.130,   0.062,   0.066,
2016,   2,   4,  38.725,   8.997,  -1.000,   0.114,   0.057,
2016,   2,   5,  38.725,   8.997,   0.160,   0.088,   0.055,
2016,   2,   7,  38.725,   8.997,  -1.000,   0.240,  -1.000,
2016,   2,  10,  38.725,   8.997,  -1.000,   0.118,  -1.000,
2016,   2,  11,  38.725,   8.997,   0.170,   0.109,   0.054,
2016,   2,  12,  38.725,   8.997,  -1.000,   0.143,   0.055,
2016,   2,  13,  38.725,   8.997,  -1.000,   0.150,   0.033,
2016,   2,  14,  38.725,   8.997,   0.190,   0.196,   0.001,
2016,   2,  15,  38.725,   8.997,  -1.000,   0.224,   0.005,
2016,   2,  16,  38.725,   8.997,  -1.000,   0.210,  -1.000,
2016,   2,  17,  38.725,   8.997,   0.470,   0.423,   0.081,
2016,   2,  19,  38.725,   8.997,   0.260,   0.266,   0.078,
2016,   2,  20,  38.725,   8.997,  -1.000,   0.144,   0.020,
2016,   2,  21,  38.725,   8.997,   0.230,   0.213,   0.037,
2016,   2,  22,  38.725,   8.997,   0.240,   0.252,   0.062,
2016,   2,  23,  38.725,   8.997,   0.370,   0.343,   0.026,
2016,   2,  26,  38.725,   8.997,  -1.000,   0.129,   0.004,
2016,   2,  28,  38.725,   8.997,  -1.000,   0.044,  -1.000,
2016,   2,  29,  38.725,   8.997,   0.100,   0.065,   0.043,
2016,   3,   1,  38.725,   8.997,   0.120,   0.115,   0.025,
2016,   3,  13,  38.725,   8.997,  -1.000,   0.113,   0.109,
2016,   3,  14,  38.725,   8.997,  -1.000,   0.055,   0.009,
2016,   3,  15,  38.725,   8.997,  -1.000,   0.139,   0.118,
2016,   3,  16,  38.725,   8.997,   0.110,   0.113,   0.008,
2016,   5,  18,  38.725,   8.997,  -1.000,   0.309,  -1.000,
2016,   6,  12,  38.725,   8.997,   0.240,   0.263,   0.020,
2016,   7,   1,  38.725,   8.997,  -1.000,   0.592,   0.034,
2016,   7,  22,  38.725,   8.997,  -1.000,   0.213,  -1.000,
2016,   8,   6,  38.725,   8.997,  -1.000,   0.996,  -1.000,
2016,   8,  16,  38.725,   8.997,  -1.000,   0.333,  -1.000,
2016,   9,   5,  38.725,   8.997,  -1.000,   0.240,   0.035,
2016,   9,  10,  38.725,   8.997,  -1.000,   0.395,  -1.000,
2016,   9,  28,  38.725,   8.997,  -1.000,   0.384,  -1.000,
2016,  10,   8,  38.725,   8.997,  -1.000,   0.034,  -1.000,
2016,  10,   9,  38.725,   8.997,  -1.000,   0.186,  -1.000,
2016,  10,  17,  38.725,   8.997,  -1.000,   0.212,  -1.000,
2016,  10,  18,  38.725,   8.997,   0.100,   0.157,   0.044,
2016,  10,  19,  38.725,   8.997,  -1.000,   0.262,  -1.000,
2016,  10,  25,  38.725,   8.997,  -1.000,   0.216,  -1.000,
2016,  10,  30,  38.725,   8.997,  -1.000,   0.073,   0.066,
2016,  11,   1,  38.725,   8.997,   0.080,   0.118,   0.052,
2016,  11,   2,  38.725,   8.997,  -1.000,   0.146,   0.062,
2016,  11,   3,  38.725,   8.997,   0.030,   0.089,   0.048,
2016,  11,   4,  38.725,   8.997,  -1.000,   0.202,   0.072,
2016,  11,   5,  38.725,   8.997,   0.100,   0.118,   0.027,
2016,  11,   6,  38.725,   8.997,  -1.000,   0.162,  -1.000,
2016,  11,  10,  38.725,   8.997,   0.220,   0.137,   0.063,
2016,  11,  13,  38.725,   8.997,  -1.000,   0.059,   0.020,
2016,  11,  14,  38.725,   8.997,  -1.000,   0.135,   0.023,
2016,  11,  15,  38.725,   8.997,   0.270,   0.123,   0.097,
2016,  11,  17,  38.725,   8.997,  -1.000,   0.363,  -1.000,
2016,  11,  24,  38.725,   8.997,  -1.000,   0.241,  -1.000,
2016,  11,  29,  38.725,   8.997,   0.180,   0.117,   0.075,
2016,  12,   3,  38.725,   8.997,   0.160,   0.086,   0.065,
2016,  12,   4,  38.725,   8.997,  -1.000,   0.062,   0.072,
2016,  12,   5,  38.725,   8.997,   0.120,   0.079,   0.045,
2016,  12,   6,  38.725,   8.997,  -1.000,   0.036,   0.018,
2016,  12,   7,  38.725,   8.997,  -1.000,   0.124,   0.017,
2016,  12,   8,  38.725,   8.997,   0.230,   0.158,   0.097,
2016,  12,  10,  38.725,   8.997,   0.220,   0.103,   0.091,
2016,  12,  12,  38.725,   8.997,  -1.000,   0.116,   0.054,
2016,  12,  13,  38.725,   8.997,   0.170,   0.186,   0.018,
2016,  12,  14,  38.725,   8.997,   0.170,   0.180,   0.004,
2016,  12,  15,  38.725,   8.997,   0.260,   0.202,   0.083,
2016,  12,  16,  38.725,   8.997,  -1.000,   0.179,  -1.000,
2016,  12,  19,  38.725,   8.997,   0.200,   0.096,   0.070,
2016,  12,  20,  38.725,   8.997,  -1.000,   0.125,   0.064,
2016,  12,  23,  38.725,   8.997,  -1.000,   0.065,   0.042,
2016,  12,  24,  38.725,   8.997,  -1.000,   0.127,   0.095,
2016,  12,  26,  38.725,   8.997,  -1.000,   0.136,   0.027,
2016,  12,  27,  38.725,   8.997,  -1.000,   0.154,  -1.000,
2017,   1,   1,  38.725,   8.997,  -1.000,   0.051,   0.053,
2017,   1,   2,  38.725,   8.997,   0.040,   0.086,   0.056,
2017,   1,  13,  38.725,   8.997,  -1.000,   0.170,   0.107,
2017,   1,  14,  38.725,   8.997,  -1.000,   0.172,   0.084,
2017,   1,  15,  38.725,   8.997,   0.140,   0.165,   0.025,
2017,   1,  17,  38.725,   8.997,  -1.000,   0.047,   0.033,
2017,   1,  18,  38.725,   8.997,  -1.000,   0.127,   0.159,
2017,   1,  20,  38.725,   8.997,   0.280,   0.213,   0.083,
2017,   1,  21,  38.725,   8.997,  -1.000,   0.274,  -1.000,
2017,   1,  22,  38.725,   8.997,   0.260,   0.228,   0.053,
2017,   1,  23,  38.725,   8.997,   0.150,   0.153,  -1.000,
2017,   1,  25,  38.725,   8.997,   0.290,   0.252,   0.079,
2017,   1,  27,  38.725,   8.997,   0.350,   0.334,   0.063,
2017,   2,   1,  38.725,   8.997,   0.280,   0.294,   0.013,
2017,   2,   2,  38.725,   8.997,  -1.000,   0.130,   0.015,
2017,   2,   3,  38.725,   8.997,   0.160,   0.221,   0.142,
2017,   2,   6,  38.725,   8.997,  -1.000,   0.255,  -1.000,
2017,   2,   7,  38.725,   8.997,   0.240,   0.253,   0.011,
2017,   2,   9,  38.725,   8.997,   0.140,   0.131,   0.010,
2017,   2,  10,  38.725,   8.997,  -1.000,   0.297,  -1.000,
2017,   2,  21,  38.725,   8.997,   0.240,   0.255,   0.010,
2017,   3,   2,  38.725,   8.997,  -1.000,   0.264,  -1.000,
2017,   3,   4,  38.725,   8.997,  -1.000,   0.245,  -1.000,
2017,   3,   7,  38.725,   8.997,  -1.000,   0.232,  -1.000,
2017,   3,   9,  38.725,   8.997,  -1.000,   0.183,   0.072,
2017,   3,  11,  38.725,   8.997,   0.130,   0.122,   0.068,
2017,   3,  13,  38.725,   8.997,  -1.000,   0.314,   0.049,
2017,   3,  16,  38.725,   8.997,  -1.000,   0.114,   0.055,
2017,   4,  10,  38.725,   8.997,  -0.010,   0.153,   0.158,
2017,   4,  11,  38.725,   8.997,  -1.000,   0.038,  -1.000,
2017,   4,  12,  38.725,   8.997,   0.120,   0.111,   0.050,
2017,   4,  14,  38.725,   8.997,  -1.000,   0.188,  -1.000,
2017,   4,  17,  38.725,   8.997,  -1.000,   0.127,   0.125,
2017,   4,  23,  38.725,   8.997,  -1.000,   0.222,   0.003,
2017,   6,  13,  38.725,   8.997,  -1.000,   0.535,  -1.000,
2017,   7,  10,  38.725,   8.997,  -1.000,   0.819,  -1.000,
2017,   7,  11,  38.725,   8.997,  -1.000,   0.837,  -1.000,
2017,   7,  15,  38.725,   8.997,  -1.000,   0.331,   0.011,
2017,   7,  22,  38.725,   8.997,  -1.000,   0.517,  -1.000,
2017,   8,   5,  38.725,   8.997,  -1.000,   0.453,  -1.000,
2017,   8,  21,  38.725,   8.997,  -1.000,   0.293,   0.011,
2017,  10,   3,  38.725,   8.997,  -1.000,   0.131,   0.006,
2017,  10,  13,  38.725,   8.997,  -1.000,   0.035,  -1.000,
2017,  10,  21,  38.725,   8.997,  -1.000,   0.181,  -1.000,
2017,  10,  26,  38.725,   8.997,  -1.000,   0.091,   0.043,
2017,  11,   1,  38.725,   8.997,  -1.000,   0.165,  -1.000,
2017,  11,   4,  38.725,   8.997,  -1.000,   0.298,   0.028,
2017,  11,   9,  38.725,   8.997,   0.320,   0.209,   0.066,
2017,  11,  13,  38.725,   8.997,   0.250,   0.126,   0.067,
2017,  11,  14,  38.725,   8.997,   0.070,   0.133,   0.080,
2017,  11,  15,  38.725,   8.997,   0.100,   0.125,   0.051,
2017,  11,  16,  38.725,   8.997,  -1.000,   0.294,   0.004,
2017,  11,  20,  38.725,   8.997,   0.170,   0.159,   0.060,
2017,  11,  21,  38.725,   8.997,  -1.000,   0.360,   0.010,
2017,  11,  22,  38.725,   8.997,   0.210,   0.212,   0.062,
2017,  11,  27,  38.725,   8.997,   0.210,   0.172,   0.105,
2017,  11,  29,  38.725,   8.997,  -1.000,   0.222,  -1.000,
2017,  12,   1,  38.725,   8.997,   0.120,   0.129,   0.037,
2017,  12,   2,  38.725,   8.997,  -1.000,   0.106,   0.090,
2017,  12,   3,  38.725,   8.997,  -1.000,   0.143,   0.006,
2017,  12,   4,  38.725,   8.997,   0.030,   0.101,   0.058,
2017,  12,   6,  38.725,   8.997,   0.450,   0.361,   0.087,
2017,  12,   8,  38.725,   8.997,  -1.000,   0.254,   0.076,
2017,  12,   9,  38.725,   8.997,   0.230,   0.211,   0.115,
2017,  12,  11,  38.725,   8.997,   0.250,   0.245,   0.013,
2017,  12,  13,  38.725,   8.997,   0.280,   0.274,   0.009,
2017,  12,  15,  38.725,   8.997,  -1.000,   0.221,   0.069,
2017,  12,  16,  38.725,   8.997,   0.210,   0.245,   0.037,
2017,  12,  17,  38.725,   8.997,  -1.000,   0.258,  -1.000,
2017,  12,  19,  38.725,   8.997,  -1.000,   0.134,  -1.000,
2017,  12,  20,  38.725,   8.997,   0.190,   0.199,   0.108,
2017,  12,  22,  38.725,   8.997,   0.250,   0.174,   0.077,
2017,  12,  23,  38.725,   8.997,  -1.000,   0.163,   0.049,
2017,  12,  24,  38.725,   8.997,   0.190,   0.181,   0.041,
2017,  12,  25,  38.725,   8.997,   0.210,   0.225,   0.012,
2017,  12,  26,  38.725,   8.997,  -1.000,   0.112,   0.051,
2017,  12,  27,  38.725,   8.997,   0.290,   0.248,   0.044,
2017,  12,  29,  38.725,   8.997,   0.240,   0.221,   0.111,
2017,  12,  30,  38.725,   8.997,   0.150,   0.159,   0.022,
2017,  12,  31,  38.725,   8.997,  -1.000,   0.176,   0.039,
2018,   1,   1,  38.725,   8.997,   0.240,   0.269,   0.029,
2018,   1,   2,  38.725,   8.997,   0.180,   0.211,   0.033,
2018,   1,   3,  38.725,   8.997,  -1.000,   0.415,   0.120,
2018,   1,   5,  38.725,   8.997,   0.240,   0.290,   0.110,
2018,   1,   7,  38.725,   8.997,  -1.000,   0.487,   0.023,
2018,   1,  12,  38.725,   8.997,   0.430,   0.398,   0.025,
2018,   1,  15,  38.725,   8.997,   0.130,   0.135,   0.030,
2018,   1,  16,  38.725,   8.997,  -1.000,   0.163,   0.097,
2018,   2,   5,  38.725,   8.997,  -1.000,   0.300,  -1.000,
2018,   2,   6,  38.725,   8.997,   0.130,   0.196,   0.127,
2018,   2,   8,  38.725,   8.997,   0.270,   0.201,   0.070,
2018,   2,  13,  38.725,   8.997,  -1.000,   0.405,  -1.000,
2018,   2,  15,  38.725,   8.997,   0.330,   0.227,   0.134,
2018,   2,  16,  38.725,   8.997,  -1.000,   0.229,   0.035,
2018,   3,   5,  38.725,   8.997,  -1.000,   0.645,  -1.000,
2018,   3,   9,  38.725,   8.997,  -1.000,   0.202,  -1.000,
2018,   3,  10,  38.725,   8.997,   0.190,   0.253,   0.055,
2018,   3,  12,  38.725,   8.997,  -1.000,   0.361,   0.071,
2018,   3,  17,  38.725,   8.997,  -1.000,   0.428,  -1.000,
2018,   3,  26,  38.725,   8.997,   0.420,   0.210,   0.145,
2018,   6,  16,  38.725,   8.997,  -1.000,   0.551,   0.098,
2018,   6,  30,  38.725,   8.997,  -1.000,   0.695,  -1.000,
2018,   7,   4,  38.725,   8.997,  -1.000,   0.518,  -1.000,
2018,   7,  11,  38.725,   8.997,  -1.000,   0.844,  -1.000,
2018,   7,  15,  38.725,   8.997,  -1.000,   0.660,  -1.000,
2018,   8,  17,  38.725,   8.997,  -1.000,   0.368,  -1.000,
2018,   8,  19,  38.725,   8.997,  -1.000,   0.507,   0.105,
2018,   9,  24,  38.725,   8.997,  -1.000,   0.189,  -1.000,
2018,   9,  28,  38.725,   8.997,  -1.000,   0.174,  -1.000,
2018,  10,   4,  38.725,   8.997,  -1.000,   0.229,  -1.000,
2018,  10,  11,  38.725,   8.997,  -1.000,   0.242,   0.016,
2018,  10,  20,  38.725,   8.997,  -1.000,   0.065,   0.004,
2018,  10,  27,  38.725,   8.997,  -1.000,   0.073,   0.031,
2018,  10,  29,  38.725,   8.997,  -1.000,   0.128,   0.038,
2018,  10,  31,  38.725,   8.997,  -1.000,   0.280,  -1.000,
2018,  11,   1,  38.725,   8.997,  -1.000,   0.090,  -1.000,
2018,  11,   2,  38.725,   8.997,  -1.000,   0.209,  -1.000,
2018,  11,   7,  38.725,   8.997,  -1.000,   0.335,  -1.000,
2018,  11,  12,  38.725,   8.997,  -1.000,   0.116,   0.094,
2018,  11,  14,  38.725,   8.997,  -1.000,   0.136,   0.070,
2018,  11,  19,  38.725,   8.997,  -1.000,   0.054,   0.031,
2018,  11,  20,  38.725,   8.997,   0.100,   0.086,   0.016,
2018,  11,  21,  38.725,   8.997,  -1.000,   0.062,   0.053,
2018,  11,  23,  38.725,   8.997,   0.260,   0.161,   0.071,
2018,  11,  24,  38.725,   8.997,  -1.000,   0.162,   0.019,
2018,  11,  28,  38.725,   8.997,  -1.000,   0.110,   0.130,
2018,  11,  30,  38.725,   8.997,   0.270,   0.097,   0.096,
2018,  12,   1,  38.725,   8.997,  -1.000,   0.124,   0.035,
2018,  12,   3,  38.725,   8.997,   0.190,   0.204,   0.104,
2018,  12,   4,  38.725,   8.997,   0.110,   0.150,   0.039,
2018,  12,   5,  38.725,   8.997,   0.220,   0.105,   0.087,
2018,  12,   9,  38.725,   8.997,  -1.000,   0.258,  -1.000,
2018,  12,  11,  38.725,   8.997,   0.160,   0.122,   0.040,
2018,  12,  13,  38.725,   8.997,  -1.000,   0.149,   0.051,
2018,  12,  14,  38.725,   8.997,   0.270,   0.215,   0.078,
2018,  12,  16,  38.725,   8.997,   0.370,   0.278,   0.053,
2018,  12,  18,  38.725,   8.997,  -1.000,   0.264,  -1.000,
2018,  12,  19,  38.725,   8.997,  -1.000,   0.230,  -1.000,
2018,  12,  20,  38.725,   8.997,   0.180,   0.189,   0.001,
2018,  12,  25,  38.725,   8.997,   0.200,   0.117,   0.082,
2018,  12,  26,  38.725,   8.997,  -1.000,   0.151,   0.048,
2018,  12,  27,  38.725,   8.997,   0.180,   0.187,   0.035,
2018,  12,  28,  38.725,   8.997,  -1.000,   0.342,   0.013,
2019,   1,   1,  38.725,   8.997,   0.240,   0.114,   0.101,
2019,   1,   3,  38.725,   8.997,   0.250,   0.173,   0.080,
2019,   1,   4,  38.725,   8.997,  -1.000,   0.164,   0.011,
2019,   1,   5,  38.725,   8.997,   0.070,   0.058,   0.027,
2019,   1,   7,  38.725,   8.997,  -1.000,   0.100,   0.022,
2019,   1,  10,  38.725,   8.997,   0.230,   0.147,   0.074,
2019,   1,  11,  38.725,   8.997,  -1.000,   0.131,   0.046,
2019,   1,  14,  38.725,   8.997,  -1.000,   0.058,   0.018,
2019,   1,  15,  38.725,   8.997,   0.280,   0.236,   0.127,
2019,   1,  17,  38.725,   8.997,   0.300,   0.143,   0.119,
2019,   1,  19,  38.725,   8.997,  -1.000,   0.256,  -1.000,
2019,   1,  21,  38.725,   8.997,   0.170,   0.191,   0.019,
2019,   1,  22,  38.725,   8.997,   0.250,   0.244,   0.018,
2019,   1,  23,  38.725,   8.997,  -1.000,   0.188,   0.038,
2019,   1,  24,  38.725,   8.997,   0.210,   0.317,   0.093,
2019,   1,  26,  38.725,   8.997,   0.380,   0.303,   0.076,
2019,   1,  27,  38.725,   8.997,  -1.000,   0.302,  -1.000,
2019,   1,  28,  38.725,   8.997,   0.230,   0.174,   0.073,
2019,   1,  30,  38.725,   8.997,  -1.000,   0.108,   0.026,
2019,   1,  31,  38.725,   8.997,  -1.000,   0.294,  -1.000,
2019,   2,   2,  38.725,   8.997,   0.350,   0.242,   0.101,
2019,   2,   3,  38.725,   8.997,  -1.000,   0.176,   0.054,
2019,   2,   4,  38.725,   8.997,  -1.000,   0.182,   0.054,
2019,   2,   5,  38.725,   8.997,   0.210,   0.239,   0.028,
2019,   2,   6,  38.725,   8.997,   0.350,   0.352,   0.004,
2019,   2,   8,  38.725,   8.997,  -1.000,   0.317,  -1.000,
2019,   2,   9,  38.725,   8.997,  -1.000,   0.394,   0.005,
2019,   2,  11,  38.725,   8.997,  -1.000,   0.340,  -1.000,
2019,   2,  27,  38.725,   8.997,   0.350,   0.213,   0.120,
2019,   3,  10,  38.725,   8.997,   0.290,   0.249,   0.062,
2019,   3,  15,  38.725,   8.997,  -1.000,   0.176,   0.108,
2019,   3,  22,  38.725,   8.997,  -1.000,   0.327,  -1.000,
2019,   3,  24,  38.725,   8.997,  -1.000,   0.147,   0.046,
