2002,   7,  13,  38.762,   9.058,   0.240,   0.251,   0.014,
2002,   8,   9,  38.762,   9.058,  -1.000,   0.232,  -1.000,
2002,   8,  14,  38.762,   9.058,  -1.000,   0.382,   0.076,
2002,   9,   9,  38.762,   9.058,   0.210,   0.219,  -1.000,
2002,   9,  20,  38.762,   9.058,  -1.000,   0.273,  -1.000,
2002,   9,  24,  38.762,   9.058,  -1.000,   0.221,  -1.000,
2002,   9,  26,  38.762,   9.058,   0.190,   0.182,   0.009,
2002,  10,   1,  38.762,   9.058,   0.090,   0.099,   0.030,
2002,  10,   3,  38.762,   9.058,   0.080,   0.110,   0.019,
2002,  10,   4,  38.762,   9.058,  -1.000,   0.215,  -1.000,
2002,  10,   8,  38.762,   9.058,  -1.000,   0.145,   0.001,
2002,  10,  15,  38.762,   9.058,  -1.000,   0.233,  -1.000,
2002,  10,  19,  38.762,   9.058,  -1.000,   0.145,   0.014,
2002,  10,  21,  38.762,   9.058,  -1.000,   0.153,   0.001,
2002,  10,  26,  38.762,   9.058,   0.060,   0.072,   0.040,
2002,  10,  27,  38.762,   9.058,  -1.000,   0.067,   0.015,
2002,  10,  31,  38.762,   9.058,  -1.000,   0.141,   0.092,
2002,  11,   2,  38.762,   9.058,   0.110,   0.117,   0.050,
2002,  11,   4,  38.762,   9.058,   0.050,   0.068,   0.022,
2002,  11,   6,  38.762,   9.058,  -1.000,   0.060,  -1.000,
2002,  11,   7,  38.762,   9.058,   0.100,   0.080,   0.050,
2002,  11,   8,  38.762,   9.058,  -1.000,   0.055,   0.010,
2002,  11,   9,  38.762,   9.058,   0.030,   0.077,   0.051,
2002,  11,  11,  38.762,   9.058,   0.030,   0.059,   0.037,
2002,  11,  12,  38.762,   9.058,  -1.000,   0.217,   0.003,
2002,  11,  13,  38.762,   9.058,   0.140,   0.138,   0.026,
2002,  11,  14,  38.762,   9.058,  -1.000,   0.185,   0.027,
2002,  11,  18,  38.762,   9.058,   0.110,   0.111,   0.049,
2002,  11,  20,  38.762,   9.058,  -1.000,   0.079,   0.051,
2002,  11,  23,  38.762,   9.058,   0.210,   0.181,   0.036,
2002,  11,  25,  38.762,   9.058,   0.310,   0.261,   0.041,
2002,  11,  27,  38.762,   9.058,   0.100,   0.093,   0.039,
2002,  11,  29,  38.762,   9.058,  -1.000,   0.137,  -1.000,
2002,  11,  30,  38.762,   9.058,  -1.000,   0.225,  -1.000,
2002,  12,   2,  38.762,   9.058,  -1.000,   0.328,  -1.000,
2002,  12,   4,  38.762,   9.058,   0.070,   0.079,   0.059,
2002,  12,   6,  38.762,   9.058,   0.130,   0.098,   0.053,
2002,  12,   7,  38.762,   9.058,  -1.000,   0.125,  -1.000,
2002,  12,   9,  38.762,   9.058,   0.120,   0.114,   0.039,
2002,  12,  13,  38.762,   9.058,  -1.000,   0.090,  -1.000,
2002,  12,  25,  38.762,   9.058,  -1.000,   0.307,  -1.000,
2003,   1,   7,  38.762,   9.058,   0.070,   0.110,   0.046,
2003,   1,   9,  38.762,   9.058,  -1.000,   0.182,   0.021,
2003,   1,  10,  38.762,   9.058,   0.050,   0.059,   0.022,
2003,   1,  11,  38.762,   9.058,  -1.000,   0.060,   0.007,
2003,   1,  12,  38.762,   9.058,   0.020,   0.028,   0.012,
2003,   1,  14,  38.762,   9.058,   0.020,   0.068,   0.055,
2003,   1,  15,  38.762,   9.058,  -1.000,   0.140,   0.076,
2003,   1,  16,  38.762,   9.058,   0.270,   0.184,   0.070,
2003,   1,  23,  38.762,   9.058,   0.070,   0.079,  -1.000,
2003,   1,  30,  38.762,   9.058,  -1.000,   0.047,   0.040,
2003,   1,  31,  38.762,   9.058,   0.010,   0.013,   0.007,
2003,   2,   1,  38.762,   9.058,   0.000,   0.018,   0.018,
2003,   2,   2,  38.762,   9.058,   0.080,   0.045,   0.059,
2003,   2,   3,  38.762,   9.058,  -1.000,   0.044,   0.036,
2003,   2,   8,  38.762,   9.058,   0.140,   0.183,   0.038,
2003,   2,   9,  38.762,   9.058,  -1.000,   0.133,   0.067,
2003,   2,  10,  38.762,   9.058,   0.300,   0.246,   0.088,
2003,   2,  15,  38.762,   9.058,  -1.000,   0.123,   0.007,
2003,   2,  16,  38.762,   9.058,  -1.000,   0.018,  -1.000,
2003,   2,  17,  38.762,   9.058,  -1.000,   0.059,   0.063,
2003,   2,  18,  38.762,   9.058,  -1.000,   0.236,  -1.000,
2003,   2,  20,  38.762,   9.058,  -1.000,   0.231,  -1.000,
2003,   2,  22,  38.762,   9.058,  -0.040,   0.160,   0.054,
2003,   2,  24,  38.762,   9.058,  -1.000,   0.271,  -1.000,
2003,   3,   3,  38.762,   9.058,  -0.030,   0.215,  -1.000,
2003,   3,   5,  38.762,   9.058,  -1.000,   0.105,   0.039,
2003,   3,   6,  38.762,   9.058,  -1.000,   0.025,   0.010,
2003,   3,   7,  38.762,   9.058,  -1.000,   0.016,   0.014,
2003,   3,   8,  38.762,   9.058,  -1.000,   0.185,   0.249,
2003,   3,  10,  38.762,   9.058,   0.000,   0.041,   0.039,
2003,   3,  12,  38.762,   9.058,   0.070,   0.095,   0.063,
2003,   4,   2,  38.762,   9.058,  -1.000,   0.066,  -1.000,
2003,   4,   4,  38.762,   9.058,  -1.000,   0.056,  -1.000,
2003,   4,   6,  38.762,   9.058,  -1.000,   0.051,   0.045,
2003,   5,  11,  38.762,   9.058,  -1.000,   0.201,  -1.000,
2003,   5,  18,  38.762,   9.058,  -1.000,   0.118,   0.040,
2003,   5,  19,  38.762,   9.058,  -1.000,   0.098,   0.013,
2003,   5,  20,  38.762,   9.058,   0.070,   0.143,   0.095,
2003,   5,  25,  38.762,   9.058,  -1.000,   0.143,   0.077,
2003,   6,  21,  38.762,   9.058,  -1.000,   0.358,  -1.000,
2003,   8,   3,  38.762,   9.058,  -1.000,   0.396,   0.086,
2003,   8,  27,  38.762,   9.058,  -1.000,   0.198,  -1.000,
2003,  10,   6,  38.762,   9.058,  -1.000,   0.095,  -1.000,
2003,  10,  15,  38.762,   9.058,   0.100,   0.054,   0.046,
2003,  10,  16,  38.762,   9.058,   0.080,   0.050,   0.033,
2003,  10,  22,  38.762,   9.058,   0.030,   0.033,   0.017,
2003,  10,  23,  38.762,   9.058,  -1.000,   0.089,   0.031,
2003,  10,  24,  38.762,   9.058,  -1.000,   0.100,   0.009,
2003,  10,  25,  38.762,   9.058,   0.060,   0.083,   0.034,
2003,  10,  26,  38.762,   9.058,  -1.000,   0.084,   0.001,
2003,  10,  27,  38.762,   9.058,   0.080,   0.112,   0.044,
2003,  10,  29,  38.762,   9.058,  -1.000,   0.154,   0.026,
2003,  11,   2,  38.762,   9.058,  -1.000,   0.094,  -1.000,
2003,  11,   3,  38.762,   9.058,   0.090,   0.122,   0.039,
2003,  11,   5,  38.762,   9.058,  -1.000,   0.152,   0.055,
2003,  11,  14,  38.762,   9.058,  -1.000,   0.123,   0.006,
2003,  11,  16,  38.762,   9.058,  -1.000,   0.063,   0.032,
2003,  11,  17,  38.762,   9.058,  -1.000,   0.116,   0.032,
2003,  11,  18,  38.762,   9.058,  -1.000,   0.060,   0.007,
2003,  11,  19,  38.762,   9.058,   0.040,   0.080,   0.074,
2003,  11,  21,  38.762,   9.058,   0.020,   0.039,   0.029,
2003,  11,  22,  38.762,   9.058,  -1.000,   0.148,   0.008,
2003,  11,  23,  38.762,   9.058,   0.060,   0.056,   0.013,
2003,  11,  24,  38.762,   9.058,  -1.000,   0.186,  -1.000,
2003,  11,  25,  38.762,   9.058,  -1.000,   0.063,   0.022,
2003,  11,  26,  38.762,   9.058,   0.010,   0.086,   0.062,
2003,  11,  27,  38.762,   9.058,  -1.000,   0.137,  -1.000,
2003,  12,   3,  38.762,   9.058,  -1.000,   0.127,   0.087,
2003,  12,  11,  38.762,   9.058,  -1.000,   0.048,   0.028,
2003,  12,  12,  38.762,   9.058,   0.010,   0.050,   0.056,
2003,  12,  13,  38.762,   9.058,   0.060,   0.045,   0.016,
2003,  12,  14,  38.762,   9.058,   0.000,   0.063,   0.070,
2003,  12,  16,  38.762,   9.058,   0.040,   0.069,   0.042,
2003,  12,  18,  38.762,   9.058,  -1.000,   0.111,   0.018,
2003,  12,  23,  38.762,   9.058,   0.030,   0.068,   0.040,
2003,  12,  24,  38.762,   9.058,  -1.000,   0.044,   0.044,
2003,  12,  25,  38.762,   9.058,  -1.000,   0.051,   0.065,
2003,  12,  26,  38.762,   9.058,   0.010,   0.054,   0.063,
2003,  12,  27,  38.762,   9.058,   0.030,   0.030,   0.011,
2003,  12,  29,  38.762,   9.058,  -1.000,   0.061,   0.029,
2003,  12,  30,  38.762,   9.058,  -1.000,   0.129,   0.071,
2004,   1,   1,  38.762,   9.058,   0.100,   0.113,   0.048,
2004,   1,   2,  38.762,   9.058,  -1.000,   0.175,  -1.000,
2004,   1,   3,  38.762,   9.058,  -1.000,   0.210,  -1.000,
2004,   1,   4,  38.762,   9.058,  -1.000,   0.133,   0.051,
2004,   1,   6,  38.762,   9.058,  -1.000,   0.126,   0.053,
2004,   1,   8,  38.762,   9.058,   0.040,   0.095,   0.073,
2004,   1,  10,  38.762,   9.058,   0.010,   0.061,   0.047,
2004,   1,  26,  38.762,   9.058,  -0.010,   0.017,  -1.000,
2004,   1,  28,  38.762,   9.058,  -1.000,   0.127,  -1.000,
2004,   2,   9,  38.762,   9.058,  -1.000,   0.081,   0.093,
2004,   2,  10,  38.762,   9.058,  -1.000,   0.032,   0.022,
2004,   2,  11,  38.762,   9.058,   0.020,   0.040,   0.049,
2004,   2,  13,  38.762,   9.058,   0.030,   0.020,   0.010,
2004,   2,  14,  38.762,   9.058,  -1.000,   0.210,   0.023,
2004,   2,  15,  38.762,   9.058,  -1.000,   0.061,   0.006,
2004,   2,  16,  38.762,   9.058,  -1.000,   0.068,   0.051,
2004,   2,  18,  38.762,   9.058,  -0.040,   0.034,   0.026,
2004,   2,  19,  38.762,   9.058,  -1.000,   0.020,   0.000,
2004,   2,  20,  38.762,   9.058,  -1.000,   0.076,   0.039,
2004,   2,  21,  38.762,   9.058,  -1.000,   0.079,   0.040,
2004,   2,  25,  38.762,   9.058,  -1.000,   0.079,   0.047,
2004,   3,   1,  38.762,   9.058,  -1.000,   0.201,   0.022,
2004,   3,   3,  38.762,   9.058,   0.000,   0.110,   0.082,
2004,   3,   5,  38.762,   9.058,   0.080,   0.053,   0.030,
2004,   3,   6,  38.762,   9.058,  -1.000,   0.130,   0.062,
2004,   3,  12,  38.762,   9.058,  -1.000,   0.317,  -1.000,
2004,   3,  23,  38.762,   9.058,   0.060,   0.058,   0.021,
2004,   3,  24,  38.762,   9.058,   0.120,   0.133,   0.072,
2004,   3,  25,  38.762,   9.058,  -1.000,   0.105,   0.017,
2004,   4,  24,  38.762,   9.058,  -1.000,   0.057,  -1.000,
2004,   4,  27,  38.762,   9.058,  -1.000,   0.045,   0.037,
2004,   5,   8,  38.762,   9.058,   0.060,   0.099,   0.046,
2004,   5,  11,  38.762,   9.058,  -1.000,   0.101,  -1.000,
2004,   5,  12,  38.762,   9.058,  -1.000,   0.117,   0.006,
2004,   5,  16,  38.762,   9.058,  -1.000,   0.142,   0.036,
2004,   5,  18,  38.762,   9.058,   0.120,   0.138,   0.028,
2004,   5,  19,  38.762,   9.058,   0.160,   0.151,   0.013,
2004,   7,  28,  38.762,   9.058,  -1.000,   0.312,  -1.000,
2004,   8,  21,  38.762,   9.058,  -1.000,   0.236,   0.011,
2004,   9,   4,  38.762,   9.058,  -1.000,   0.365,  -1.000,
2004,  10,  15,  38.762,   9.058,   0.020,   0.022,   0.013,
2004,  10,  17,  38.762,   9.058,  -1.000,   0.021,   0.007,
2004,  10,  18,  38.762,   9.058,  -1.000,   0.092,   0.055,
2004,  10,  19,  38.762,   9.058,   0.040,   0.043,   0.011,
2004,  10,  20,  38.762,   9.058,   0.070,   0.076,   0.038,
2004,  10,  22,  38.762,   9.058,  -1.000,   0.177,   0.032,
2004,  10,  24,  38.762,   9.058,  -1.000,   0.062,   0.023,
2004,  10,  25,  38.762,   9.058,  -1.000,   0.118,   0.027,
2004,  11,   2,  38.762,   9.058,   0.180,   0.164,   0.035,
2004,  11,   5,  38.762,   9.058,   0.010,   0.047,   0.045,
2004,  11,   7,  38.762,   9.058,  -1.000,   0.128,   0.026,
2004,  11,   9,  38.762,   9.058,  -1.000,   0.141,   0.021,
2004,  11,  10,  38.762,   9.058,  -1.000,   0.118,   0.003,
2004,  11,  11,  38.762,   9.058,  -1.000,   0.078,   0.017,
2004,  11,  13,  38.762,   9.058,  -1.000,   0.024,  -1.000,
2004,  11,  16,  38.762,   9.058,   0.040,   0.054,   0.026,
2004,  11,  18,  38.762,   9.058,  -1.000,   0.063,   0.015,
2004,  11,  19,  38.762,   9.058,  -1.000,   0.147,   0.022,
2004,  11,  25,  38.762,   9.058,  -1.000,   0.032,   0.031,
2004,  11,  26,  38.762,   9.058,  -1.000,   0.052,   0.046,
2004,  11,  27,  38.762,   9.058,  -1.000,   0.127,   0.051,
2004,  11,  28,  38.762,   9.058,   0.090,   0.086,   0.064,
2004,  11,  30,  38.762,   9.058,   0.150,   0.145,   0.044,
2004,  12,   2,  38.762,   9.058,   0.080,   0.100,   0.053,
2004,  12,   3,  38.762,   9.058,   0.100,   0.082,   0.026,
2004,  12,   5,  38.762,   9.058,   0.100,   0.080,   0.028,
2004,  12,  11,  38.762,   9.058,  -1.000,   0.092,  -1.000,
2004,  12,  13,  38.762,   9.058,  -1.000,   0.042,   0.020,
2004,  12,  15,  38.762,   9.058,  -1.000,   0.085,   0.023,
2004,  12,  18,  38.762,   9.058,  -1.000,   0.075,   0.040,
2004,  12,  19,  38.762,   9.058,  -1.000,   0.103,  -1.000,
2004,  12,  20,  38.762,   9.058,   0.050,   0.060,   0.025,
2004,  12,  22,  38.762,   9.058,  -1.000,   0.129,   0.003,
2005,   1,   1,  38.762,   9.058,  -1.000,   0.026,   0.011,
2005,   1,   5,  38.762,   9.058,   0.030,   0.026,   0.011,
2005,   1,   6,  38.762,   9.058,   0.200,   0.110,   0.069,
2005,   1,   7,  38.762,   9.058,  -1.000,   0.090,   0.005,
2005,   1,   8,  38.762,   9.058,  -1.000,   0.175,   0.055,
2005,   1,  10,  38.762,   9.058,   0.030,   0.096,   0.050,
2005,   1,  17,  38.762,   9.058,  -1.000,   0.027,  -1.000,
2005,   1,  21,  38.762,   9.058,  -1.000,   0.041,   0.025,
2005,   1,  23,  38.762,   9.058,  -1.000,   0.042,   0.031,
2005,   1,  31,  38.762,   9.058,  -1.000,   0.113,  -1.000,
2005,   2,   1,  38.762,   9.058,  -1.000,   0.063,   0.004,
2005,   2,   2,  38.762,   9.058,   0.140,   0.110,   0.031,
2005,   2,   4,  38.762,   9.058,   0.190,   0.136,   0.070,
2005,   2,   5,  38.762,   9.058,  -1.000,   0.024,   0.010,
2005,   2,   6,  38.762,   9.058,   0.010,   0.041,   0.040,
2005,   2,   7,  38.762,   9.058,  -1.000,   0.047,   0.011,
2005,   2,   8,  38.762,   9.058,  -1.000,   0.107,   0.011,
2005,   2,  11,  38.762,   9.058,  -1.000,   0.152,  -1.000,
2005,   2,  17,  38.762,   9.058,  -1.000,   0.108,   0.028,
2005,   2,  18,  38.762,   9.058,  -1.000,   0.067,   0.041,
2005,   2,  20,  38.762,   9.058,   0.000,   0.081,   0.061,
2005,   2,  21,  38.762,   9.058,  -1.000,   0.024,   0.008,
2005,   2,  22,  38.762,   9.058,   0.110,   0.100,   0.042,
2005,   3,   4,  38.762,   9.058,  -1.000,   0.147,  -1.000,
2005,   3,  24,  38.762,   9.058,  -1.000,   0.033,   0.015,
2005,   3,  28,  38.762,   9.058,  -1.000,   0.107,   0.021,
2005,   3,  31,  38.762,   9.058,   0.040,   0.081,   0.051,
2005,   4,   1,  38.762,   9.058,  -1.000,   0.033,   0.010,
2005,   4,   2,  38.762,   9.058,  -1.000,   0.059,   0.043,
2005,   4,   3,  38.762,   9.058,  -1.000,   0.206,  -1.000,
2005,   4,   4,  38.762,   9.058,   0.080,   0.058,   0.041,
2005,   4,   9,  38.762,   9.058,  -1.000,   0.233,  -1.000,
2005,   4,  11,  38.762,   9.058,  -1.000,   0.236,   0.025,
2005,   4,  30,  38.762,   9.058,  -1.000,   0.270,   0.161,
2005,   5,  13,  38.762,   9.058,  -1.000,   0.208,   0.018,
2005,   5,  27,  38.762,   9.058,   0.060,   0.070,   0.017,
2005,   6,  19,  38.762,   9.058,  -1.000,   0.458,  -1.000,
2005,   7,  14,  38.762,   9.058,  -1.000,   0.501,   0.056,
2005,   8,  29,  38.762,   9.058,  -1.000,   0.286,  -1.000,
2005,   9,  25,  38.762,   9.058,   0.170,   0.171,  -1.000,
2005,  10,   2,  38.762,   9.058,  -1.000,   0.217,  -1.000,
2005,  10,  13,  38.762,   9.058,  -1.000,   0.110,  -1.000,
2005,  10,  14,  38.762,   9.058,   0.090,   0.097,   0.002,
2005,  10,  15,  38.762,   9.058,  -1.000,   0.073,  -1.000,
2005,  10,  22,  38.762,   9.058,  -1.000,   0.129,   0.031,
2005,  10,  23,  38.762,   9.058,  -1.000,   0.110,   0.066,
2005,  10,  27,  38.762,   9.058,   0.120,   0.124,   0.003,
2005,  11,   3,  38.762,   9.058,   0.100,   0.080,   0.025,
2005,  11,   4,  38.762,   9.058,  -1.000,   0.065,  -1.000,
2005,  11,   5,  38.762,   9.058,   0.060,   0.072,   0.017,
2005,  11,   6,  38.762,   9.058,   0.070,   0.090,   0.038,
2005,  11,   7,  38.762,   9.058,  -1.000,   0.058,   0.019,
2005,  11,   8,  38.762,   9.058,   0.070,   0.070,   0.030,
2005,  11,  10,  38.762,   9.058,   0.170,   0.110,   0.047,
2005,  11,  11,  38.762,   9.058,  -1.000,   0.099,  -1.000,
2005,  11,  12,  38.762,   9.058,   0.080,   0.077,   0.014,
2005,  11,  13,  38.762,   9.058,  -1.000,   0.145,   0.025,
2005,  11,  14,  38.762,   9.058,  -1.000,   0.078,   0.032,
2005,  11,  19,  38.762,   9.058,  -1.000,   0.281,  -1.000,
2005,  11,  22,  38.762,   9.058,   0.100,   0.063,   0.057,
2005,  11,  23,  38.762,   9.058,  -1.000,   0.027,   0.014,
2005,  11,  26,  38.762,   9.058,   0.000,   0.053,   0.046,
2005,  11,  28,  38.762,   9.058,   0.030,   0.055,   0.052,
2005,  11,  29,  38.762,   9.058,  -1.000,   0.055,   0.025,
2005,  11,  30,  38.762,   9.058,  -1.000,   0.144,  -1.000,
2005,  12,   3,  38.762,   9.058,   0.040,   0.058,   0.026,
2005,  12,   5,  38.762,   9.058,   0.100,   0.113,   0.032,
2005,  12,   6,  38.762,   9.058,   0.200,   0.178,   0.033,
2005,  12,   7,  38.762,   9.058,  -1.000,   0.101,   0.017,
2005,  12,   8,  38.762,   9.058,  -1.000,   0.094,  -1.000,
2005,  12,  10,  38.762,   9.058,  -1.000,   0.125,  -1.000,
2005,  12,  12,  38.762,   9.058,  -1.000,   0.085,   0.060,
2005,  12,  13,  38.762,   9.058,  -1.000,   0.076,  -1.000,
2005,  12,  14,  38.762,   9.058,  -1.000,   0.081,   0.047,
2005,  12,  15,  38.762,   9.058,  -1.000,   0.095,   0.044,
2005,  12,  16,  38.762,   9.058,  -1.000,   0.074,   0.032,
2005,  12,  17,  38.762,   9.058,  -1.000,   0.176,   0.083,
2005,  12,  19,  38.762,   9.058,  -1.000,   0.098,   0.057,
2005,  12,  21,  38.762,   9.058,  -1.000,   0.069,   0.056,
2005,  12,  23,  38.762,   9.058,   0.070,   0.073,   0.021,
2005,  12,  25,  38.762,   9.058,  -1.000,   0.049,   0.000,
2005,  12,  28,  38.762,   9.058,  -0.010,   0.080,   0.064,
2005,  12,  30,  38.762,   9.058,  -1.000,   0.176,  -1.000,
2005,  12,  31,  38.762,   9.058,  -1.000,   0.164,   0.048,
2006,   1,   1,  38.762,   9.058,  -1.000,   0.077,   0.040,
2006,   1,   2,  38.762,   9.058,  -1.000,   0.110,   0.064,
2006,   1,   4,  38.762,   9.058,   0.040,   0.082,   0.057,
2006,   1,   6,  38.762,   9.058,   0.120,   0.140,   0.061,
2006,   1,   7,  38.762,   9.058,  -1.000,   0.196,  -1.000,
2006,   1,   8,  38.762,   9.058,   0.130,   0.105,   0.030,
2006,   1,  11,  38.762,   9.058,  -1.000,   0.235,   0.023,
2006,   1,  13,  38.762,   9.058,  -1.000,   0.174,  -1.000,
2006,   1,  16,  38.762,   9.058,  -1.000,   0.247,  -1.000,
2006,   1,  17,  38.762,   9.058,  -1.000,   0.200,  -1.000,
2006,   1,  18,  38.762,   9.058,  -1.000,   0.086,   0.054,
2006,   1,  19,  38.762,   9.058,  -1.000,   0.060,  -1.000,
2006,   1,  22,  38.762,   9.058,   0.010,   0.060,   0.061,
2006,   1,  23,  38.762,   9.058,  -1.000,   0.074,  -1.000,
2006,   1,  24,  38.762,   9.058,   0.080,   0.056,   0.035,
2006,   1,  25,  38.762,   9.058,  -1.000,   0.085,   0.088,
2006,   1,  26,  38.762,   9.058,  -1.000,   0.068,   0.025,
2006,   1,  27,  38.762,   9.058,  -1.000,   0.140,   0.055,
2006,   1,  29,  38.762,   9.058,  -1.000,   0.354,  -1.000,
2006,   2,   3,  38.762,   9.058,  -1.000,   0.143,   0.033,
2006,   2,   4,  38.762,   9.058,  -1.000,   0.089,  -1.000,
2006,   2,   5,  38.762,   9.058,  -1.000,   0.138,   0.073,
2006,   2,  14,  38.762,   9.058,  -1.000,   0.204,   0.037,
2006,   2,  16,  38.762,   9.058,   0.050,   0.091,   0.055,
2006,   3,   2,  38.762,   9.058,   0.210,   0.255,   0.092,
2006,   3,   6,  38.762,   9.058,   0.180,   0.168,   0.032,
2006,   3,   7,  38.762,   9.058,  -1.000,   0.133,   0.090,
2006,   4,  12,  38.762,   9.058,   0.090,   0.099,  -1.000,
2006,   4,  16,  38.762,   9.058,  -1.000,   0.060,  -1.000,
2006,   5,  12,  38.762,   9.058,  -1.000,   0.140,  -1.000,
2006,   6,  22,  38.762,   9.058,  -1.000,   0.409,  -1.000,
2006,   7,  19,  38.762,   9.058,  -1.000,   0.250,  -1.000,
2006,   8,  25,  38.762,   9.058,  -1.000,   0.415,  -1.000,
2006,   9,  26,  38.762,   9.058,   0.220,   0.258,   0.042,
2006,  10,   3,  38.762,   9.058,  -1.000,   0.260,  -1.000,
2006,  10,   5,  38.762,   9.058,  -1.000,   0.275,  -1.000,
2006,  10,  12,  38.762,   9.058,  -1.000,   0.204,  -1.000,
2006,  10,  18,  38.762,   9.058,  -1.000,   0.094,  -1.000,
2006,  10,  21,  38.762,   9.058,  -1.000,   0.166,   0.027,
2006,  10,  24,  38.762,   9.058,  -1.000,   0.148,   0.004,
2006,  10,  26,  38.762,   9.058,  -1.000,   0.197,  -1.000,
2006,  10,  30,  38.762,   9.058,  -1.000,   0.119,  -1.000,
2006,  11,   1,  38.762,   9.058,   0.040,   0.039,   0.014,
2006,  11,   2,  38.762,   9.058,  -1.000,   0.100,   0.062,
2006,  11,   3,  38.762,   9.058,  -1.000,   0.050,   0.005,
2006,  11,   4,  38.762,   9.058,   0.010,   0.057,   0.041,
2006,  11,   6,  38.762,   9.058,   0.010,   0.027,   0.022,
2006,  11,   9,  38.762,   9.058,  -1.000,   0.100,  -1.000,
2006,  11,  11,  38.762,   9.058,  -1.000,   0.142,   0.030,
2006,  11,  13,  38.762,   9.058,  -1.000,   0.192,  -1.000,
2006,  11,  15,  38.762,   9.058,  -1.000,   0.113,   0.026,
2006,  11,  16,  38.762,   9.058,  -1.000,   0.046,   0.030,
2006,  11,  17,  38.762,   9.058,  -1.000,   0.065,   0.010,
2006,  11,  20,  38.762,   9.058,  -1.000,   0.220,  -1.000,
2006,  11,  22,  38.762,   9.058,  -1.000,   0.129,  -1.000,
2006,  11,  29,  38.762,   9.058,  -1.000,   0.143,   0.030,
2006,  12,   6,  38.762,   9.058,  -1.000,   0.144,  -1.000,
2006,  12,   8,  38.762,   9.058,  -1.000,   0.251,  -1.000,
2006,  12,   9,  38.762,   9.058,  -1.000,   0.239,  -1.000,
2006,  12,  10,  38.762,   9.058,   0.020,   0.041,   0.031,
2006,  12,  11,  38.762,   9.058,   0.010,   0.055,   0.059,
2006,  12,  12,  38.762,   9.058,  -1.000,   0.111,   0.004,
2006,  12,  15,  38.762,   9.058,  -1.000,   0.057,   0.033,
2006,  12,  16,  38.762,   9.058,  -1.000,   0.088,  -1.000,
2006,  12,  17,  38.762,   9.058,   0.040,   0.055,   0.036,
2006,  12,  18,  38.762,   9.058,  -1.000,   0.065,   0.022,
2006,  12,  19,  38.762,   9.058,  -1.000,   0.111,  -1.000,
2006,  12,  20,  38.762,   9.058,  -1.000,   0.108,   0.016,
2006,  12,  21,  38.762,   9.058,  -1.000,   0.084,   0.013,
2006,  12,  31,  38.762,   9.058,  -0.040,   0.055,   0.028,
2007,   1,   5,  38.762,   9.058,  -0.030,   0.003,   0.002,
2007,   1,   6,  38.762,   9.058,  -1.000,   0.043,   0.003,
2007,   1,   7,  38.762,   9.058,   0.030,   0.058,   0.048,
2007,   1,   9,  38.762,   9.058,   0.000,   0.034,   0.039,
2007,   1,  10,  38.762,   9.058,  -1.000,   0.041,   0.026,
2007,   1,  11,  38.762,   9.058,   0.050,   0.046,   0.022,
2007,   1,  22,  38.762,   9.058,  -1.000,   0.089,   0.006,
2007,   2,   1,  38.762,   9.058,   0.190,   0.174,   0.034,
2007,   2,   8,  38.762,   9.058,  -1.000,   0.035,   0.030,
2007,   2,  11,  38.762,   9.058,  -1.000,   0.092,   0.028,
2007,   2,  12,  38.762,   9.058,  -1.000,   0.098,   0.004,
2007,   2,  13,  38.762,   9.058,  -1.000,   0.147,  -1.000,
2007,   2,  28,  38.762,   9.058,  -1.000,   0.052,   0.032,
2007,   3,   2,  38.762,   9.058,  -1.000,   0.078,   0.008,
2007,   3,   5,  38.762,   9.058,   0.030,   0.054,   0.039,
2007,   3,   6,  38.762,   9.058,  -1.000,   0.048,   0.030,
2007,   3,   7,  38.762,   9.058,  -1.000,   0.090,   0.029,
2007,   3,   8,  38.762,   9.058,   0.190,   0.167,   0.045,
2007,   3,  11,  38.762,   9.058,  -1.000,   0.119,   0.013,
2007,   3,  12,  38.762,   9.058,  -1.000,   0.018,  -1.000,
2007,   3,  15,  38.762,   9.058,  -1.000,   0.050,  -1.000,
2007,   3,  16,  38.762,   9.058,  -1.000,   0.078,   0.067,
2007,   4,  13,  38.762,   9.058,  -1.000,   0.043,  -1.000,
2007,   4,  22,  38.762,   9.058,  -1.000,   0.119,   0.033,
2007,   5,   1,  38.762,   9.058,  -1.000,   0.055,  -1.000,
2007,   6,  19,  38.762,   9.058,  -1.000,   0.294,  -1.000,
2007,   8,  30,  38.762,   9.058,   0.280,   0.307,   0.026,
2007,   9,  11,  38.762,   9.058,   0.330,   0.335,  -1.000,
2007,  10,   5,  38.762,   9.058,  -1.000,   0.101,   0.012,
2007,  10,   6,  38.762,   9.058,   0.130,   0.119,   0.027,
2007,  10,  10,  38.762,   9.058,   0.050,   0.066,   0.010,
2007,  10,  11,  38.762,   9.058,   0.080,   0.112,   0.015,
2007,  10,  17,  38.762,   9.058,  -1.000,   0.175,  -1.000,
2007,  10,  20,  38.762,   9.058,   0.110,   0.129,   0.016,
2007,  10,  22,  38.762,   9.058,   0.000,   0.065,   0.048,
2007,  10,  24,  38.762,   9.058,   0.050,   0.064,   0.010,
2007,  10,  25,  38.762,   9.058,  -1.000,   0.045,  -1.000,
2007,  10,  26,  38.762,   9.058,   0.040,   0.037,   0.014,
2007,  10,  27,  38.762,   9.058,   0.140,   0.114,   0.027,
2007,  10,  28,  38.762,   9.058,  -1.000,   0.186,  -1.000,
2007,  10,  29,  38.762,   9.058,  -1.000,   0.141,   0.058,
2007,  10,  31,  38.762,   9.058,   0.070,   0.108,   0.033,
2007,  11,   2,  38.762,   9.058,   0.130,   0.150,   0.051,
2007,  11,   4,  38.762,   9.058,  -1.000,   0.189,   0.021,
2007,  11,   9,  38.762,   9.058,  -1.000,   0.165,  -1.000,
2007,  11,  10,  38.762,   9.058,  -1.000,   0.070,  -1.000,
2007,  11,  11,  38.762,   9.058,   0.020,   0.031,   0.019,
2007,  11,  12,  38.762,   9.058,  -1.000,   0.028,   0.029,
2007,  11,  14,  38.762,   9.058,   0.070,   0.091,   0.040,
2007,  11,  16,  38.762,   9.058,  -0.010,   0.041,   0.028,
2007,  11,  18,  38.762,   9.058,  -1.000,   0.071,   0.030,
2007,  11,  19,  38.762,   9.058,  -1.000,   0.072,   0.010,
2007,  11,  20,  38.762,   9.058,  -1.000,   0.069,   0.015,
2007,  11,  23,  38.762,   9.058,  -1.000,   0.173,  -1.000,
2007,  11,  25,  38.762,   9.058,   0.060,   0.058,   0.036,
2007,  11,  26,  38.762,   9.058,  -1.000,   0.135,  -1.000,
2007,  11,  27,  38.762,   9.058,  -1.000,   0.104,  -1.000,
2007,  11,  29,  38.762,   9.058,  -1.000,   0.070,   0.025,
2007,  11,  30,  38.762,   9.058,  -1.000,   0.114,   0.055,
2007,  12,   2,  38.762,   9.058,   0.100,   0.095,   0.055,
2007,  12,   4,  38.762,   9.058,   0.080,   0.104,   0.054,
2007,  12,   5,  38.762,   9.058,  -1.000,   0.146,  -1.000,
2007,  12,   6,  38.762,   9.058,  -1.000,   0.095,   0.021,
2007,  12,   7,  38.762,   9.058,  -1.000,   0.078,   0.021,
2007,  12,   8,  38.762,   9.058,  -1.000,   0.054,  -1.000,
2007,  12,   9,  38.762,   9.058,   0.090,   0.106,   0.040,
2007,  12,  11,  38.762,   9.058,   0.050,   0.059,   0.046,
2007,  12,  12,  38.762,   9.058,  -1.000,   0.113,   0.011,
2007,  12,  13,  38.762,   9.058,   0.040,   0.047,   0.019,
2007,  12,  14,  38.762,   9.058,  -1.000,   0.056,  -1.000,
2007,  12,  15,  38.762,   9.058,  -1.000,   0.076,   0.021,
2007,  12,  18,  38.762,   9.058,  -1.000,   0.111,  -1.000,
2007,  12,  20,  38.762,   9.058,   0.050,   0.082,   0.060,
2007,  12,  21,  38.762,   9.058,  -1.000,   0.136,   0.022,
2007,  12,  22,  38.762,   9.058,  -1.000,   0.088,   0.026,
2007,  12,  23,  38.762,   9.058,  -1.000,   0.162,   0.044,
2007,  12,  25,  38.762,   9.058,   0.060,   0.107,   0.072,
2007,  12,  27,  38.762,   9.058,   0.060,   0.041,   0.030,
2007,  12,  29,  38.762,   9.058,   0.100,   0.084,   0.041,
2007,  12,  30,  38.762,   9.058,  -1.000,   0.148,  -1.000,
2007,  12,  31,  38.762,   9.058,  -1.000,   0.104,   0.019,
2008,   1,   1,  38.762,   9.058,  -1.000,   0.194,  -1.000,
2008,   1,   5,  38.762,   9.058,  -1.000,   0.077,   0.058,
2008,   1,   6,  38.762,   9.058,  -1.000,   0.147,  -1.000,
2008,   1,   7,  38.762,   9.058,  -1.000,   0.106,   0.029,
2008,   1,   8,  38.762,   9.058,  -1.000,   0.221,  -1.000,
2008,   1,  12,  38.762,   9.058,  -1.000,   0.221,   0.043,
2008,   1,  14,  38.762,   9.058,  -1.000,   0.119,  -1.000,
2008,   1,  19,  38.762,   9.058,   0.070,   0.075,  -1.000,
2008,   1,  21,  38.762,   9.058,   0.000,   0.047,   0.038,
2008,   1,  22,  38.762,   9.058,  -1.000,   0.213,  -1.000,
2008,   1,  25,  38.762,   9.058,  -1.000,   0.046,   0.014,
2008,   1,  26,  38.762,   9.058,  -1.000,   0.111,   0.080,
2008,   1,  28,  38.762,   9.058,   0.050,   0.119,   0.079,
2008,   1,  30,  38.762,   9.058,  -1.000,   0.085,   0.033,
2008,   2,   2,  38.762,   9.058,  -1.000,   0.358,  -1.000,
2008,   2,   4,  38.762,   9.058,  -1.000,   0.275,  -1.000,
2008,   2,   6,  38.762,   9.058,  -1.000,   0.510,   0.124,
2008,   2,   9,  38.762,   9.058,  -1.000,   0.268,   0.050,
2008,   2,  10,  38.762,   9.058,  -1.000,   0.093,   0.012,
2008,   2,  11,  38.762,   9.058,  -1.000,   0.103,   0.099,
2008,   2,  13,  38.762,   9.058,   0.060,   0.102,   0.082,
2008,   2,  14,  38.762,   9.058,  -1.000,   0.211,   0.011,
2008,   2,  15,  38.762,   9.058,   0.140,   0.127,   0.032,
2008,   2,  16,  38.762,   9.058,  -1.000,   0.178,   0.018,
2008,   2,  17,  38.762,   9.058,  -1.000,   0.145,   0.029,
2008,   2,  20,  38.762,   9.058,  -1.000,   0.267,  -1.000,
2008,   2,  24,  38.762,   9.058,   0.200,   0.156,   0.044,
2008,   2,  25,  38.762,   9.058,  -1.000,   0.388,   0.061,
2008,   2,  27,  38.762,   9.058,  -1.000,   0.518,   0.063,
2008,   2,  29,  38.762,   9.058,  -1.000,   0.143,   0.102,
2008,   3,   2,  38.762,   9.058,  -1.000,   0.141,  -1.000,
2008,   3,   3,  38.762,   9.058,  -1.000,   0.088,  -1.000,
2008,   3,   4,  38.762,   9.058,  -1.000,   0.151,   0.034,
2008,   3,   7,  38.762,   9.058,  -1.000,   0.289,   0.151,
2008,   3,   9,  38.762,   9.058,  -1.000,   0.203,   0.075,
2008,   3,  10,  38.762,   9.058,  -1.000,   0.237,   0.120,
2008,   3,  11,  38.762,   9.058,   0.130,   0.115,   0.015,
2008,   3,  12,  38.762,   9.058,  -1.000,   0.193,  -1.000,
2008,   3,  13,  38.762,   9.058,  -1.000,   0.362,   0.033,
2008,   3,  14,  38.762,   9.058,  -1.000,   0.243,   0.094,
2008,   3,  16,  38.762,   9.058,  -1.000,   0.161,   0.106,
2008,   3,  18,  38.762,   9.058,  -1.000,   0.257,   0.021,
2008,   3,  20,  38.762,   9.058,  -1.000,   0.174,   0.030,
2008,   3,  23,  38.762,   9.058,  -1.000,   0.293,   0.079,
2008,   3,  25,  38.762,   9.058,   0.130,   0.167,   0.069,
2008,   3,  26,  38.762,   9.058,  -1.000,   0.213,  -1.000,
2008,   3,  27,  38.762,   9.058,   0.200,   0.219,   0.073,
2008,   4,  15,  38.762,   9.058,  -1.000,   0.127,   0.095,
2008,   4,  17,  38.762,   9.058,  -1.000,   0.111,   0.087,
2008,   4,  18,  38.762,   9.058,   0.150,   0.093,   0.068,
2008,   4,  19,  38.762,   9.058,   0.190,   0.186,   0.068,
2008,   4,  21,  38.762,   9.058,  -1.000,   0.124,   0.030,
2008,   4,  28,  38.762,   9.058,  -1.000,   0.189,   0.007,
2008,   5,  10,  38.762,   9.058,  -1.000,   0.272,  -1.000,
2008,   5,  12,  38.762,   9.058,   0.040,   0.090,   0.053,
2008,   5,  15,  38.762,   9.058,  -1.000,   0.190,  -1.000,
2008,   6,   6,  38.762,   9.058,  -1.000,   0.093,  -1.000,
2008,   6,  27,  38.762,   9.058,   0.150,   0.222,   0.058,
2008,   7,   4,  38.762,   9.058,  -1.000,   0.559,  -1.000,
2008,   9,   6,  38.762,   9.058,  -1.000,   0.472,  -1.000,
2008,   9,  20,  38.762,   9.058,  -1.000,   0.358,  -1.000,
2008,   9,  29,  38.762,   9.058,  -1.000,   0.312,  -1.000,
2008,  10,   5,  38.762,   9.058,  -1.000,   0.079,   0.031,
2008,  10,   6,  38.762,   9.058,  -1.000,   0.159,   0.064,
2008,  10,  12,  38.762,   9.058,   0.070,   0.054,   0.024,
2008,  10,  13,  38.762,   9.058,   0.180,   0.132,   0.064,
2008,  10,  15,  38.762,   9.058,  -1.000,   0.212,  -1.000,
2008,  10,  17,  38.762,   9.058,  -1.000,   0.177,   0.002,
2008,  10,  24,  38.762,   9.058,  -1.000,   0.233,  -1.000,
2008,  11,   9,  38.762,   9.058,   0.030,   0.067,   0.029,
2008,  11,  11,  38.762,   9.058,   0.030,   0.029,   0.025,
2008,  11,  12,  38.762,   9.058,  -1.000,   0.082,  -1.000,
2008,  11,  13,  38.762,   9.058,  -1.000,   0.084,   0.010,
2008,  11,  15,  38.762,   9.058,  -1.000,   0.114,  -1.000,
2008,  11,  18,  38.762,   9.058,   0.120,   0.104,   0.035,
2008,  11,  20,  38.762,   9.058,  -1.000,   0.026,   0.011,
2008,  11,  21,  38.762,   9.058,  -1.000,   0.109,   0.050,
2008,  11,  22,  38.762,   9.058,   0.070,   0.082,   0.009,
2008,  11,  23,  38.762,   9.058,  -1.000,   0.099,   0.039,
2008,  11,  27,  38.762,   9.058,   0.140,   0.144,   0.068,
2008,  11,  29,  38.762,   9.058,  -1.000,   0.117,   0.011,
2008,  12,   6,  38.762,   9.058,   0.030,   0.059,   0.037,
2008,  12,  10,  38.762,   9.058,  -1.000,   0.137,   0.016,
2008,  12,  11,  38.762,   9.058,   0.040,   0.050,   0.022,
2008,  12,  13,  38.762,   9.058,   0.060,   0.082,   0.045,
2008,  12,  15,  38.762,   9.058,   0.090,   0.100,   0.016,
2008,  12,  16,  38.762,   9.058,   0.020,   0.065,   0.045,
2008,  12,  17,  38.762,   9.058,  -1.000,   0.069,   0.013,
2008,  12,  18,  38.762,   9.058,   0.090,   0.087,   0.052,
2008,  12,  22,  38.762,   9.058,   0.160,   0.162,   0.037,
2008,  12,  23,  38.762,   9.058,  -1.000,   0.174,  -1.000,
2008,  12,  24,  38.762,   9.058,   0.160,   0.161,   0.010,
2008,  12,  25,  38.762,   9.058,  -1.000,   0.131,   0.054,
2008,  12,  26,  38.762,   9.058,  -1.000,   0.158,   0.011,
2008,  12,  27,  38.762,   9.058,   0.080,   0.099,   0.031,
2008,  12,  29,  38.762,   9.058,  -1.000,   0.057,  -1.000,
2009,   1,   1,  38.762,   9.058,  -1.000,   0.139,   0.053,
2009,   1,   2,  38.762,   9.058,  -1.000,   0.084,   0.017,
2009,   1,   3,  38.762,   9.058,   0.010,   0.101,   0.067,
2009,   1,   5,  38.762,   9.058,   0.050,   0.085,   0.051,
2009,   1,   6,  38.762,   9.058,  -1.000,   0.123,   0.032,
2009,   1,   7,  38.762,   9.058,  -1.000,   0.078,   0.047,
2009,   1,   8,  38.762,   9.058,   0.130,   0.133,   0.050,
2009,   1,   9,  38.762,   9.058,   0.090,   0.084,   0.032,
2009,   1,  10,  38.762,   9.058,   0.170,   0.165,   0.058,
2009,   1,  11,  38.762,   9.058,  -1.000,   0.134,   0.003,
2009,   1,  12,  38.762,   9.058,  -1.000,   0.215,   0.056,
2009,   1,  14,  38.762,   9.058,  -1.000,   0.122,   0.048,
2009,   2,   1,  38.762,   9.058,  -1.000,   0.136,   0.030,
2009,   2,   2,  38.762,   9.058,  -1.000,   0.077,   0.038,
2009,   2,   4,  38.762,   9.058,   0.030,   0.085,   0.064,
2009,   2,   9,  38.762,   9.058,   0.020,   0.079,   0.066,
2009,   2,  20,  38.762,   9.058,  -1.000,   0.172,   0.056,
2009,   2,  22,  38.762,   9.058,  -1.000,   0.064,   0.056,
2009,   2,  24,  38.762,   9.058,   0.030,   0.082,   0.049,
2009,   2,  25,  38.762,   9.058,   0.130,   0.122,   0.025,
2009,   2,  26,  38.762,   9.058,   0.050,   0.039,   0.022,
2009,   3,   3,  38.762,   9.058,  -0.020,   0.087,   0.062,
2009,   3,   5,  38.762,   9.058,   0.050,   0.082,   0.031,
2009,   3,   7,  38.762,   9.058,  -1.000,   0.238,   0.018,
2009,   3,   8,  38.762,   9.058,  -1.000,   0.319,   0.051,
2009,   3,  12,  38.762,   9.058,  -1.000,   0.372,  -1.000,
2009,   3,  13,  38.762,   9.058,  -1.000,   0.133,  -1.000,
2009,   3,  14,  38.762,   9.058,   0.130,   0.141,   0.034,
2009,   3,  22,  38.762,   9.058,  -1.000,   0.087,  -1.000,
2009,   3,  26,  38.762,   9.058,   0.120,   0.146,   0.078,
2009,   4,  22,  38.762,   9.058,   0.120,   0.172,   0.044,
2009,   4,  23,  38.762,   9.058,  -1.000,   0.241,  -1.000,
2009,   5,   1,  38.762,   9.058,  -1.000,   0.155,  -1.000,
2009,   5,   8,  38.762,   9.058,   0.100,   0.130,   0.034,
2009,   5,   9,  38.762,   9.058,  -1.000,   0.081,   0.051,
2009,   5,  20,  38.762,   9.058,  -1.000,   0.199,  -1.000,
2009,   5,  22,  38.762,   9.058,   0.210,   0.238,   0.032,
2009,   5,  27,  38.762,   9.058,  -1.000,   0.376,  -1.000,
2009,   5,  31,  38.762,   9.058,  -1.000,   0.247,   0.155,
2009,   6,  11,  38.762,   9.058,  -1.000,   0.216,   0.044,
2009,   6,  21,  38.762,   9.058,  -1.000,   0.026,  -1.000,
2009,   7,  12,  38.762,   9.058,  -1.000,   0.248,  -1.000,
2009,   7,  14,  38.762,   9.058,  -1.000,   0.513,  -1.000,
2009,   7,  26,  38.762,   9.058,  -1.000,   0.456,  -1.000,
2009,   8,  20,  38.762,   9.058,  -1.000,   0.548,  -1.000,
2009,   8,  31,  38.762,   9.058,  -1.000,   0.341,   0.018,
2009,   9,  11,  38.762,   9.058,  -1.000,   0.213,   0.006,
2009,   9,  20,  38.762,   9.058,  -1.000,   0.109,   0.005,
2009,  10,  15,  38.762,   9.058,   0.090,   0.077,   0.017,
2009,  10,  16,  38.762,   9.058,  -1.000,   0.147,  -1.000,
2009,  10,  20,  38.762,   9.058,  -1.000,   0.126,   0.011,
2009,  10,  21,  38.762,   9.058,  -1.000,   0.126,  -1.000,
2009,  10,  22,  38.762,   9.058,   0.010,   0.024,   0.014,
2009,  10,  24,  38.762,   9.058,  -1.000,   0.098,   0.002,
2009,  10,  27,  38.762,   9.058,  -1.000,   0.159,  -1.000,
2009,  10,  29,  38.762,   9.058,  -1.000,   0.154,   0.021,
2009,  10,  30,  38.762,   9.058,  -1.000,   0.045,  -1.000,
2009,  10,  31,  38.762,   9.058,   0.070,   0.061,   0.017,
2009,  11,   1,  38.762,   9.058,   0.070,   0.057,   0.018,
2009,  11,   2,  38.762,   9.058,  -1.000,   0.047,   0.018,
2009,  11,   5,  38.762,   9.058,   0.130,   0.126,   0.064,
2009,  11,   7,  38.762,   9.058,   0.050,   0.052,   0.039,
2009,  11,   8,  38.762,   9.058,  -1.000,   0.092,   0.033,
2009,  11,   9,  38.762,   9.058,  -1.000,   0.062,   0.018,
2009,  11,  10,  38.762,   9.058,   0.100,   0.089,   0.032,
2009,  11,  11,  38.762,   9.058,  -1.000,   0.119,  -1.000,
2009,  11,  12,  38.762,   9.058,   0.140,   0.145,   0.029,
2009,  11,  14,  38.762,   9.058,  -1.000,   0.180,   0.013,
2009,  11,  16,  38.762,   9.058,   0.240,   0.249,  -1.000,
2009,  11,  17,  38.762,   9.058,  -1.000,   0.306,  -1.000,
2009,  11,  18,  38.762,   9.058,   0.120,   0.134,   0.008,
2009,  11,  21,  38.762,   9.058,   0.120,   0.154,   0.035,
2009,  11,  25,  38.762,   9.058,  -1.000,   0.147,   0.009,
2009,  11,  26,  38.762,   9.058,  -1.000,   0.097,   0.039,
2009,  12,   3,  38.762,   9.058,  -1.000,   0.172,  -1.000,
2009,  12,   7,  38.762,   9.058,   0.050,   0.064,   0.031,
2009,  12,   9,  38.762,   9.058,  -1.000,   0.131,   0.013,
2010,   1,   6,  38.762,   9.058,  -1.000,   0.134,   0.130,
2010,   1,  10,  38.762,   9.058,  -1.000,   0.256,  -1.000,
2010,   1,  12,  38.762,   9.058,   0.120,   0.121,   0.006,
2010,   1,  13,  38.762,   9.058,  -1.000,   0.105,   0.025,
2010,   1,  14,  38.762,   9.058,  -1.000,   0.096,   0.010,
2010,   1,  15,  38.762,   9.058,  -1.000,   0.150,   0.021,
2010,   1,  25,  38.762,   9.058,  -1.000,   0.036,  -1.000,
2010,   1,  26,  38.762,   9.058,  -0.020,   0.029,   0.015,
2010,   1,  27,  38.762,   9.058,  -1.000,   0.074,   0.016,
2010,   1,  29,  38.762,   9.058,  -1.000,   0.130,   0.005,
2010,   1,  30,  38.762,   9.058,  -1.000,   0.161,   0.014,
2010,   1,  31,  38.762,   9.058,   0.170,   0.121,   0.075,
2010,   2,   2,  38.762,   9.058,  -1.000,   0.149,   0.076,
2010,   2,  20,  38.762,   9.058,  -1.000,   0.106,  -1.000,
2010,   3,  10,  38.762,   9.058,  -1.000,   0.079,   0.027,
2010,   3,  13,  38.762,   9.058,   0.030,   0.062,   0.021,
2010,   3,  15,  38.762,   9.058,  -1.000,   0.249,  -1.000,
2010,   3,  22,  38.762,   9.058,  -1.000,   0.087,   0.043,
2010,   3,  24,  38.762,   9.058,  -1.000,   0.168,   0.009,
2010,   3,  25,  38.762,   9.058,   0.120,   0.084,   0.056,
2010,   4,   9,  38.762,   9.058,  -1.000,   0.055,  -1.000,
2010,   4,  23,  38.762,   9.058,   0.100,   0.113,   0.016,
2010,   4,  30,  38.762,   9.058,   0.070,   0.142,   0.089,
2010,   6,  15,  38.762,   9.058,  -1.000,   0.310,   0.060,
2010,   7,  10,  38.762,   9.058,  -1.000,   0.492,   0.047,
2010,   7,  17,  38.762,   9.058,  -1.000,   0.471,  -1.000,
2010,   8,  20,  38.762,   9.058,  -1.000,   0.294,   0.112,
2010,   8,  22,  38.762,   9.058,  -1.000,   0.272,   0.050,
2010,   9,  17,  38.762,   9.058,  -1.000,   0.331,  -1.000,
2010,  10,  11,  38.762,   9.058,  -1.000,   0.187,  -1.000,
2010,  10,  14,  38.762,   9.058,   0.120,   0.170,   0.034,
2010,  10,  26,  38.762,   9.058,  -1.000,   0.224,  -1.000,
2010,  10,  27,  38.762,   9.058,  -1.000,   0.134,   0.032,
2010,  10,  28,  38.762,   9.058,  -1.000,   0.224,   0.103,
2010,  10,  29,  38.762,   9.058,  -1.000,   0.153,  -1.000,
2010,  10,  30,  38.762,   9.058,  -1.000,   0.195,   0.032,
2010,  11,   1,  38.762,   9.058,   0.070,   0.079,   0.060,
2010,  11,   2,  38.762,   9.058,  -1.000,   0.058,  -1.000,
2010,  11,   3,  38.762,   9.058,  -1.000,   0.109,  -1.000,
2010,  11,   4,  38.762,   9.058,  -1.000,   0.111,   0.045,
2010,  11,   6,  38.762,   9.058,  -1.000,   0.058,  -1.000,
2010,  11,  10,  38.762,   9.058,   0.120,   0.125,   0.026,
2010,  11,  11,  38.762,   9.058,  -1.000,   0.226,   0.011,
2010,  11,  17,  38.762,   9.058,  -1.000,   0.237,   0.042,
2010,  11,  18,  38.762,   9.058,  -1.000,   0.183,   0.001,
2010,  11,  19,  38.762,   9.058,   0.090,   0.085,   0.034,
2010,  11,  27,  38.762,   9.058,  -1.000,   0.277,  -1.000,
2010,  11,  28,  38.762,   9.058,  -1.000,   0.127,   0.036,
2010,  11,  29,  38.762,   9.058,  -1.000,   0.192,   0.035,
2010,  11,  30,  38.762,   9.058,  -1.000,   0.139,   0.025,
2010,  12,   1,  38.762,   9.058,   0.030,   0.061,   0.041,
2010,  12,   3,  38.762,   9.058,   0.060,   0.087,   0.059,
2010,  12,   4,  38.762,   9.058,  -1.000,   0.124,   0.027,
2010,  12,   5,  38.762,   9.058,   0.130,   0.136,   0.032,
2010,  12,   6,  38.762,   9.058,  -1.000,   0.331,  -1.000,
2010,  12,  15,  38.762,   9.058,  -1.000,   0.251,  -1.000,
2010,  12,  16,  38.762,   9.058,  -1.000,   0.156,   0.007,
2010,  12,  17,  38.762,   9.058,   0.130,   0.173,   0.051,
2010,  12,  19,  38.762,   9.058,   0.160,   0.164,   0.067,
2010,  12,  20,  38.762,   9.058,  -1.000,   0.108,   0.032,
2010,  12,  21,  38.762,   9.058,   0.110,   0.101,   0.030,
2010,  12,  22,  38.762,   9.058,  -1.000,   0.171,  -1.000,
2010,  12,  23,  38.762,   9.058,  -1.000,   0.103,   0.027,
2011,   1,   6,  38.762,   9.058,   0.150,   0.132,   0.017,
2011,   1,   7,  38.762,   9.058,  -1.000,   0.051,   0.043,
2011,   1,   9,  38.762,   9.058,   0.080,   0.107,   0.091,
2011,   1,  15,  38.762,   9.058,  -1.000,   0.275,  -1.000,
2011,   1,  25,  38.762,   9.058,  -1.000,   0.100,   0.061,
2011,   1,  28,  38.762,   9.058,  -1.000,   0.019,   0.001,
2011,   1,  29,  38.762,   9.058,  -1.000,   0.138,   0.038,
2011,   2,   5,  38.762,   9.058,  -1.000,   0.060,   0.048,
2011,   2,   6,  38.762,   9.058,  -1.000,   0.018,  -1.000,
2011,   2,   7,  38.762,   9.058,  -1.000,   0.053,   0.041,
2011,   2,   8,  38.762,   9.058,  -1.000,   0.068,   0.008,
2011,   2,   9,  38.762,   9.058,  -1.000,   0.147,   0.016,
2011,   2,  10,  38.762,   9.058,  -1.000,   0.089,   0.066,
2011,   2,  12,  38.762,   9.058,  -1.000,   0.240,   0.095,
2011,   2,  18,  38.762,   9.058,  -1.000,   0.073,   0.021,
2011,   2,  19,  38.762,   9.058,  -1.000,   0.101,   0.077,
2011,   2,  21,  38.762,   9.058,  -1.000,   0.084,   0.050,
2011,   2,  25,  38.762,   9.058,  -1.000,   0.090,   0.017,
2011,   2,  26,  38.762,   9.058,  -1.000,   0.150,  -1.000,
2011,   2,  28,  38.762,   9.058,  -1.000,   0.019,  -1.000,
2011,   3,   1,  38.762,   9.058,  -1.000,   0.052,   0.059,
2011,   3,   2,  38.762,   9.058,   0.050,   0.065,   0.050,
2011,   3,   3,  38.762,   9.058,  -1.000,   0.083,  -1.000,
2011,   3,   4,  38.762,   9.058,   0.080,   0.052,   0.027,
2011,   3,   9,  38.762,   9.058,  -1.000,   0.136,   0.038,
2011,   3,  22,  38.762,   9.058,  -1.000,   0.262,  -1.000,
2011,   3,  23,  38.762,   9.058,  -1.000,   0.145,   0.101,
2011,   3,  25,  38.762,   9.058,   0.020,   0.085,   0.058,
2011,   3,  26,  38.762,   9.058,  -1.000,   0.057,   0.034,
2011,   3,  27,  38.762,   9.058,  -1.000,   0.079,   0.052,
2011,   3,  28,  38.762,   9.058,  -1.000,   0.183,  -1.000,
2011,   3,  29,  38.762,   9.058,  -1.000,   0.140,   0.033,
2011,   4,   1,  38.762,   9.058,   0.090,   0.169,   0.095,
2011,   4,  10,  38.762,   9.058,  -1.000,   0.069,  -1.000,
2011,   4,  13,  38.762,   9.058,  -1.000,   0.093,  -1.000,
2011,   4,  17,  38.762,   9.058,  -1.000,   0.147,   0.035,
2011,   5,  12,  38.762,   9.058,  -1.000,   0.172,   0.029,
2011,   6,  18,  38.762,   9.058,  -1.000,   0.547,  -1.000,
2011,   7,   1,  38.762,   9.058,  -1.000,   0.890,   0.060,
2011,   7,  29,  38.762,   9.058,  -1.000,   0.411,  -1.000,
2011,   8,  14,  38.762,   9.058,  -1.000,   0.592,  -1.000,
2011,   8,  18,  38.762,   9.058,  -1.000,   0.424,  -1.000,
2011,   8,  23,  38.762,   9.058,  -1.000,   0.427,   0.056,
2011,   8,  30,  38.762,   9.058,  -1.000,   0.430,  -1.000,
2011,   9,  22,  38.762,   9.058,  -1.000,   0.410,  -1.000,
2011,   9,  29,  38.762,   9.058,  -1.000,   0.230,  -1.000,
2011,  10,   1,  38.762,   9.058,  -1.000,   0.218,   0.048,
2011,  10,   3,  38.762,   9.058,   0.170,   0.194,   0.026,
2011,  10,  12,  38.762,   9.058,  -1.000,   0.082,   0.042,
2011,  10,  13,  38.762,   9.058,  -1.000,   0.072,   0.076,
2011,  10,  14,  38.762,   9.058,  -1.000,   0.099,  -1.000,
2011,  10,  19,  38.762,   9.058,   0.060,   0.070,   0.010,
2011,  10,  20,  38.762,   9.058,  -1.000,   0.061,  -1.000,
2011,  10,  21,  38.762,   9.058,   0.070,   0.065,   0.007,
2011,  10,  22,  38.762,   9.058,   0.080,   0.087,   0.008,
2011,  10,  23,  38.762,   9.058,  -1.000,   0.121,  -1.000,
2011,  10,  24,  38.762,   9.058,   0.090,   0.114,   0.038,
2011,  10,  26,  38.762,   9.058,   0.050,   0.069,   0.015,
2011,  10,  29,  38.762,   9.058,  -1.000,   0.097,   0.047,
2011,  10,  31,  38.762,   9.058,  -1.000,   0.165,   0.119,
2011,  11,  13,  38.762,   9.058,   0.170,   0.178,   0.025,
2011,  11,  14,  38.762,   9.058,  -1.000,   0.159,   0.019,
2011,  11,  15,  38.762,   9.058,  -1.000,   0.123,   0.025,
2011,  11,  16,  38.762,   9.058,   0.110,   0.098,   0.040,
2011,  11,  18,  38.762,   9.058,   0.110,   0.115,   0.081,
2011,  11,  20,  38.762,   9.058,   0.180,   0.185,   0.035,
2011,  11,  21,  38.762,   9.058,  -1.000,   0.128,   0.020,
2011,  11,  22,  38.762,   9.058,   0.110,   0.112,   0.019,
2011,  12,   4,  38.762,   9.058,   0.020,   0.098,   0.089,
2011,  12,   6,  38.762,   9.058,   0.050,   0.060,   0.013,
2011,  12,   7,  38.762,   9.058,  -1.000,   0.090,   0.031,
2011,  12,   8,  38.762,   9.058,   0.050,   0.029,   0.022,
2011,  12,   9,  38.762,   9.058,   0.050,   0.058,  -1.000,
2011,  12,  10,  38.762,   9.058,  -1.000,   0.123,   0.014,
2011,  12,  11,  38.762,   9.058,   0.040,   0.106,   0.072,
2011,  12,  13,  38.762,   9.058,   0.060,   0.094,   0.065,
2011,  12,  15,  38.762,   9.058,   0.100,   0.165,   0.063,
2011,  12,  19,  38.762,   9.058,  -1.000,   0.154,  -1.000,
2011,  12,  20,  38.762,   9.058,   0.060,   0.099,   0.080,
2011,  12,  22,  38.762,   9.058,  -1.000,   0.080,   0.029,
2011,  12,  23,  38.762,   9.058,  -1.000,   0.200,  -1.000,
2011,  12,  24,  38.762,   9.058,   0.160,   0.200,   0.036,
2011,  12,  25,  38.762,   9.058,   0.270,   0.285,   0.012,
2011,  12,  26,  38.762,   9.058,  -1.000,   0.112,   0.033,
2011,  12,  27,  38.762,   9.058,  -1.000,   0.100,   0.065,
2011,  12,  29,  38.762,   9.058,   0.050,   0.099,   0.106,
2011,  12,  31,  38.762,   9.058,   0.040,   0.073,   0.055,
2012,   1,   2,  38.762,   9.058,  -1.000,   0.058,   0.034,
2012,   1,   4,  38.762,   9.058,  -1.000,   0.075,   0.037,
2012,   1,   5,  38.762,   9.058,   0.100,   0.120,   0.074,
2012,   1,   7,  38.762,   9.058,   0.080,   0.126,   0.067,
2012,   1,  11,  38.762,   9.058,  -1.000,   0.089,   0.021,
2012,   1,  12,  38.762,   9.058,  -1.000,   0.234,  -1.000,
2012,   1,  14,  38.762,   9.058,  -1.000,   0.125,   0.082,
2012,   1,  17,  38.762,   9.058,  -1.000,   0.262,  -1.000,
2012,   1,  18,  38.762,   9.058,  -1.000,   0.217,   0.044,
2012,   1,  19,  38.762,   9.058,  -1.000,   0.177,   0.001,
2012,   1,  21,  38.762,   9.058,  -1.000,   0.161,   0.076,
2012,   1,  28,  38.762,   9.058,  -1.000,   0.156,   0.034,
2012,   2,   1,  38.762,   9.058,   0.100,   0.091,   0.044,
2012,   2,   2,  38.762,   9.058,  -1.000,   0.235,  -1.000,
2012,   2,   3,  38.762,   9.058,  -1.000,   0.155,   0.026,
2012,   2,   4,  38.762,   9.058,  -1.000,   0.166,   0.064,
2012,   2,   5,  38.762,   9.058,  -1.000,   0.205,   0.059,
2012,   2,   6,  38.762,   9.058,  -1.000,   0.306,  -1.000,
2012,   2,   8,  38.762,   9.058,   0.130,   0.181,   0.084,
2012,   2,   9,  38.762,   9.058,  -1.000,   0.161,  -1.000,
2012,   2,  10,  38.762,   9.058,   0.020,   0.052,   0.047,
2012,   2,  12,  38.762,   9.058,  -1.000,   0.089,   0.032,
2012,   2,  17,  38.762,   9.058,  -1.000,   0.126,   0.045,
2012,   2,  19,  38.762,   9.058,  -1.000,   0.121,  -1.000,
2012,   2,  21,  38.762,   9.058,  -1.000,   0.089,   0.032,
2012,   2,  24,  38.762,   9.058,   0.150,   0.188,   0.108,
2012,   3,  11,  38.762,   9.058,   0.080,   0.219,   0.138,
2012,   3,  12,  38.762,   9.058,  -1.000,   0.160,  -1.000,
2012,   3,  13,  38.762,   9.058,   0.170,   0.214,   0.070,
2012,   3,  18,  38.762,   9.058,  -1.000,   0.227,   0.131,
2012,   3,  20,  38.762,   9.058,  -1.000,   0.292,   0.132,
2012,   3,  27,  38.762,   9.058,  -1.000,   0.499,   0.008,
2012,   4,  12,  38.762,   9.058,  -1.000,   0.504,  -1.000,
2012,   4,  19,  38.762,   9.058,   0.170,   0.146,   0.043,
2012,   5,  25,  38.762,   9.058,  -1.000,   0.240,  -1.000,
2012,   5,  28,  38.762,   9.058,   0.270,   0.340,   0.078,
2012,   6,  22,  38.762,   9.058,  -1.000,   0.310,   0.054,
2012,   6,  24,  38.762,   9.058,  -1.000,   0.394,  -1.000,
2012,   7,   6,  38.762,   9.058,  -1.000,   0.476,  -1.000,
2012,   7,   8,  38.762,   9.058,  -1.000,   0.660,   0.064,
2012,   7,  17,  38.762,   9.058,  -1.000,   0.704,  -1.000,
2012,   8,  14,  38.762,   9.058,  -1.000,   0.360,   0.017,
2012,   8,  25,  38.762,   9.058,  -1.000,   0.724,  -1.000,
2012,   9,   1,  38.762,   9.058,  -1.000,   0.402,   0.114,
2012,  10,   5,  38.762,   9.058,  -1.000,   0.206,  -1.000,
2012,  10,   8,  38.762,   9.058,  -1.000,   0.152,  -1.000,
2012,  10,  12,  38.762,   9.058,  -1.000,   0.175,   0.001,
2012,  10,  14,  38.762,   9.058,   0.080,   0.079,   0.008,
2012,  10,  15,  38.762,   9.058,  -1.000,   0.024,   0.006,
2012,  10,  16,  38.762,   9.058,  -1.000,   0.088,   0.033,
2012,  10,  17,  38.762,   9.058,   0.120,   0.139,   0.015,
2012,  10,  18,  38.762,   9.058,  -1.000,   0.104,   0.019,
2012,  10,  19,  38.762,   9.058,   0.080,   0.137,   0.031,
2012,  10,  21,  38.762,   9.058,   0.080,   0.113,   0.067,
2012,  10,  23,  38.762,   9.058,  -1.000,   0.162,  -1.000,
2012,  10,  24,  38.762,   9.058,   0.120,   0.104,   0.032,
2012,  10,  25,  38.762,   9.058,  -1.000,   0.128,   0.022,
2012,  10,  26,  38.762,   9.058,  -1.000,   0.074,   0.096,
2012,  11,   1,  38.762,   9.058,  -1.000,   0.138,   0.020,
2012,  11,   2,  38.762,   9.058,   0.130,   0.109,   0.035,
2012,  11,   7,  38.762,   9.058,  -1.000,   0.203,  -1.000,
2012,  11,   9,  38.762,   9.058,  -1.000,   0.178,   0.007,
2012,  11,  10,  38.762,   9.058,   0.090,   0.079,   0.017,
2012,  11,  11,  38.762,   9.058,  -1.000,   0.056,   0.033,
2012,  11,  13,  38.762,   9.058,   0.060,   0.097,   0.036,
2012,  11,  14,  38.762,   9.058,  -1.000,   0.135,  -1.000,
2012,  11,  15,  38.762,   9.058,   0.140,   0.127,   0.037,
2012,  11,  18,  38.762,   9.058,   0.060,   0.094,   0.069,
2012,  11,  20,  38.762,   9.058,   0.090,   0.107,   0.073,
2012,  11,  22,  38.762,   9.058,  -1.000,   0.109,   0.034,
2012,  11,  23,  38.762,   9.058,  -1.000,   0.151,  -1.000,
2012,  11,  24,  38.762,   9.058,   0.120,   0.141,   0.046,
2012,  11,  25,  38.762,   9.058,  -1.000,   0.291,  -1.000,
2012,  11,  27,  38.762,   9.058,  -1.000,   0.099,   0.063,
2012,  12,   1,  38.762,   9.058,   0.090,   0.109,   0.044,
2012,  12,   2,  38.762,   9.058,  -1.000,   0.100,   0.028,
2012,  12,   8,  38.762,   9.058,   0.100,   0.118,   0.020,
2012,  12,   9,  38.762,   9.058,  -1.000,   0.099,  -1.000,
2012,  12,  10,  38.762,   9.058,   0.060,   0.061,   0.028,
2012,  12,  11,  38.762,   9.058,  -1.000,   0.105,   0.001,
2012,  12,  12,  38.762,   9.058,  -1.000,   0.073,   0.019,
2012,  12,  13,  38.762,   9.058,   0.080,   0.059,   0.046,
2012,  12,  15,  38.762,   9.058,   0.050,   0.079,   0.053,
2012,  12,  20,  38.762,   9.058,  -1.000,   0.140,   0.062,
2012,  12,  22,  38.762,   9.058,  -1.000,   0.176,   0.036,
2012,  12,  24,  38.762,   9.058,   0.070,   0.081,   0.061,
2012,  12,  25,  38.762,   9.058,  -1.000,   0.113,  -1.000,
2012,  12,  26,  38.762,   9.058,  -1.000,   0.122,   0.072,
2012,  12,  27,  38.762,   9.058,  -1.000,   0.106,   0.062,
2012,  12,  31,  38.762,   9.058,  -1.000,   0.242,   0.048,
2013,   1,   2,  38.762,   9.058,   0.120,   0.229,   0.103,
2013,   1,   4,  38.762,   9.058,   0.080,   0.068,   0.023,
2013,   1,   5,  38.762,   9.058,  -1.000,   0.181,   0.111,
2013,   1,  13,  38.762,   9.058,  -1.000,   0.098,   0.017,
2013,   1,  14,  38.762,   9.058,  -1.000,   0.079,   0.076,
2013,   1,  16,  38.762,   9.058,  -1.000,   0.051,  -1.000,
2013,   1,  17,  38.762,   9.058,  -1.000,   0.019,   0.001,
2013,   1,  18,  38.762,   9.058,   0.090,   0.109,   0.049,
2013,   1,  19,  38.762,   9.058,  -1.000,   0.153,   0.049,
2013,   1,  20,  38.762,   9.058,   0.090,   0.071,   0.020,
2013,   1,  21,  38.762,   9.058,  -1.000,   0.112,   0.059,
2013,   1,  22,  38.762,   9.058,  -1.000,   0.084,   0.017,
2013,   1,  23,  38.762,   9.058,  -1.000,   0.214,  -1.000,
2013,   1,  27,  38.762,   9.058,   0.120,   0.126,   0.041,
2013,   1,  28,  38.762,   9.058,  -1.000,   0.150,  -1.000,
2013,   1,  29,  38.762,   9.058,  -1.000,   0.397,  -1.000,
2013,   1,  30,  38.762,   9.058,  -1.000,   0.188,  -1.000,
2013,   2,   8,  38.762,   9.058,  -1.000,   0.228,   0.064,
2013,   2,  10,  38.762,   9.058,   0.040,   0.134,   0.086,
2013,   2,  11,  38.762,   9.058,  -1.000,   0.167,  -1.000,
2013,   2,  12,  38.762,   9.058,   0.180,   0.238,   0.039,
2013,   2,  13,  38.762,   9.058,  -1.000,   0.278,  -1.000,
2013,   2,  14,  38.762,   9.058,   0.110,   0.076,   0.029,
2013,   2,  15,  38.762,   9.058,  -1.000,   0.160,   0.096,
2013,   2,  17,  38.762,   9.058,  -1.000,   0.153,   0.068,
2013,   2,  19,  38.762,   9.058,  -1.000,   0.157,   0.123,
2013,   2,  23,  38.762,   9.058,  -1.000,   0.144,  -1.000,
2013,   2,  24,  38.762,   9.058,  -1.000,   0.176,   0.115,
2013,   2,  26,  38.762,   9.058,  -1.000,   0.148,   0.133,
2013,   2,  27,  38.762,   9.058,  -1.000,   0.197,  -1.000,
2013,   2,  28,  38.762,   9.058,   0.170,   0.160,   0.023,
2013,   3,   5,  38.762,   9.058,  -1.000,   0.360,   0.097,
2013,   3,   9,  38.762,   9.058,  -1.000,   0.305,   0.015,
2013,   3,  16,  38.762,   9.058,  -1.000,   0.288,   0.048,
2013,   3,  30,  38.762,   9.058,   0.010,   0.091,   0.068,
2013,   4,  15,  38.762,   9.058,  -1.000,   0.032,   0.016,
2013,   4,  24,  38.762,   9.058,   0.150,   0.135,   0.034,
2013,   5,  15,  38.762,   9.058,  -1.000,   0.316,  -1.000,
2013,   5,  27,  38.762,   9.058,  -1.000,   0.277,  -1.000,
2013,   6,   4,  38.762,   9.058,  -1.000,   0.270,  -1.000,
2013,   7,  11,  38.762,   9.058,  -1.000,   0.850,   0.109,
2013,   7,  15,  38.762,   9.058,  -1.000,   0.344,   0.070,
2013,   9,   6,  38.762,   9.058,  -1.000,   0.517,  -1.000,
2013,  10,  19,  38.762,   9.058,  -1.000,   0.083,   0.004,
2013,  10,  20,  38.762,   9.058,  -1.000,   0.210,  -1.000,
2013,  10,  24,  38.762,   9.058,  -1.000,   0.200,  -1.000,
2013,  10,  26,  38.762,   9.058,   0.050,   0.058,   0.020,
2013,  10,  27,  38.762,   9.058,  -1.000,   0.101,   0.049,
2013,  11,   2,  38.762,   9.058,  -1.000,   0.113,   0.000,
2013,  11,   6,  38.762,   9.058,  -1.000,   0.091,   0.029,
2013,  11,   7,  38.762,   9.058,   0.000,   0.019,   0.016,
2013,  11,  10,  38.762,   9.058,  -1.000,   0.167,   0.006,
2013,  11,  11,  38.762,   9.058,  -1.000,   0.108,   0.034,
2013,  11,  18,  38.762,   9.058,  -1.000,   0.115,  -1.000,
2013,  11,  21,  38.762,   9.058,  -1.000,   0.056,  -1.000,
2013,  11,  23,  38.762,   9.058,  -1.000,   0.156,  -1.000,
2013,  11,  25,  38.762,   9.058,  -1.000,   0.119,   0.014,
2013,  11,  27,  38.762,   9.058,  -1.000,   0.117,   0.028,
2013,  11,  29,  38.762,   9.058,   0.080,   0.078,   0.012,
2013,  11,  30,  38.762,   9.058,   0.070,   0.096,   0.028,
2013,  12,   2,  38.762,   9.058,   0.020,   0.061,   0.050,
2013,  12,   3,  38.762,   9.058,   0.120,   0.113,   0.023,
2013,  12,   4,  38.762,   9.058,   0.100,   0.084,   0.041,
2013,  12,   5,  38.762,   9.058,   0.060,   0.111,   0.060,
2013,  12,   6,  38.762,   9.058,  -1.000,   0.047,   0.037,
2013,  12,   8,  38.762,   9.058,   0.090,   0.069,   0.048,
2013,  12,   9,  38.762,   9.058,   0.060,   0.099,   0.063,
2013,  12,  11,  38.762,   9.058,  -1.000,   0.161,   0.037,
2013,  12,  18,  38.762,   9.058,   0.000,   0.058,   0.053,
2013,  12,  19,  38.762,   9.058,  -1.000,   0.131,  -1.000,
2013,  12,  20,  38.762,   9.058,  -1.000,   0.075,   0.041,
2013,  12,  21,  38.762,   9.058,   0.090,   0.144,   0.066,
2013,  12,  22,  38.762,   9.058,   0.100,   0.090,   0.019,
2013,  12,  23,  38.762,   9.058,  -1.000,   0.292,   0.007,
2013,  12,  24,  38.762,   9.058,  -1.000,   0.095,   0.027,
2013,  12,  25,  38.762,   9.058,   0.110,   0.154,   0.068,
2013,  12,  27,  38.762,   9.058,  -1.000,   0.357,   0.077,
2013,  12,  29,  38.762,   9.058,  -1.000,   0.218,  -1.000,
2014,   1,   3,  38.762,   9.058,   0.050,   0.059,   0.046,
2014,   1,   4,  38.762,   9.058,  -1.000,   0.040,   0.031,
2014,   1,   5,  38.762,   9.058,  -1.000,   0.171,   0.018,
2014,   1,  10,  38.762,   9.058,   0.060,   0.094,   0.066,
2014,   1,  16,  38.762,   9.058,  -1.000,   0.169,  -1.000,
2014,   1,  17,  38.762,   9.058,  -1.000,   0.235,   0.034,
2014,   1,  19,  38.762,   9.058,  -1.000,   0.168,   0.034,
2014,   1,  23,  38.762,   9.058,  -1.000,   0.133,   0.031,
2014,   1,  24,  38.762,   9.058,  -1.000,   0.135,   0.048,
2014,   1,  25,  38.762,   9.058,  -1.000,   0.103,   0.036,
2014,   1,  26,  38.762,   9.058,   0.270,   0.258,   0.066,
2014,   1,  31,  38.762,   9.058,  -1.000,   0.157,  -1.000,
2014,   2,   1,  38.762,   9.058,  -1.000,   0.147,   0.005,
2014,   2,   2,  38.762,   9.058,  -1.000,   0.289,   0.067,
2014,   2,  27,  38.762,   9.058,  -1.000,   0.057,   0.030,
2014,   3,   1,  38.762,   9.058,  -1.000,   0.246,  -1.000,
2014,   3,   8,  38.762,   9.058,  -1.000,   0.221,   0.049,
2014,   3,   9,  38.762,   9.058,  -1.000,   0.093,  -1.000,
2014,   3,  10,  38.762,   9.058,   0.120,   0.139,   0.029,
2014,   3,  19,  38.762,   9.058,  -1.000,   0.021,  -1.000,
2014,   3,  21,  38.762,   9.058,  -1.000,   0.224,  -1.000,
2014,   5,  30,  38.762,   9.058,  -1.000,   0.069,   0.029,
2014,   6,  12,  38.762,   9.058,  -1.000,   0.889,  -1.000,
2014,   6,  16,  38.762,   9.058,  -1.000,   0.323,   0.066,
2014,   6,  28,  38.762,   9.058,  -1.000,   0.552,  -1.000,
2014,   8,  10,  38.762,   9.058,   0.270,   0.306,   0.035,
2014,   9,  30,  38.762,   9.058,  -1.000,   0.270,  -1.000,
2014,  10,  16,  38.762,   9.058,  -1.000,   0.257,  -1.000,
2014,  10,  23,  38.762,   9.058,  -1.000,   0.195,   0.028,
2014,  10,  24,  38.762,   9.058,  -1.000,   0.052,   0.006,
2014,  10,  25,  38.762,   9.058,   0.020,   0.080,   0.042,
2014,  10,  29,  38.762,   9.058,  -1.000,   0.069,   0.016,
2014,  10,  31,  38.762,   9.058,  -1.000,   0.100,   0.005,
2014,  11,   1,  38.762,   9.058,  -1.000,   0.167,  -1.000,
2014,  11,   3,  38.762,   9.058,   0.080,   0.099,   0.022,
2014,  11,   4,  38.762,   9.058,  -1.000,   0.108,  -1.000,
2014,  11,   5,  38.762,   9.058,   0.070,   0.085,   0.033,
2014,  11,   6,  38.762,   9.058,  -1.000,   0.114,   0.014,
2014,  11,   7,  38.762,   9.058,   0.120,   0.127,   0.005,
2014,  11,   8,  38.762,   9.058,  -1.000,   0.176,  -1.000,
2014,  11,   9,  38.762,   9.058,  -1.000,   0.074,   0.005,
2014,  11,  10,  38.762,   9.058,   0.030,   0.063,   0.050,
2014,  11,  19,  38.762,   9.058,  -1.000,   0.266,   0.019,
2014,  11,  28,  38.762,   9.058,  -1.000,   0.079,   0.042,
2014,  12,   3,  38.762,   9.058,   0.060,   0.086,   0.075,
2014,  12,   5,  38.762,   9.058,   0.060,   0.108,   0.095,
2014,  12,  10,  38.762,   9.058,  -1.000,   0.077,   0.031,
2014,  12,  11,  38.762,   9.058,  -1.000,   0.064,  -1.000,
2014,  12,  12,  38.762,   9.058,   0.060,   0.112,   0.067,
2014,  12,  14,  38.762,   9.058,   0.050,   0.067,   0.040,
2014,  12,  15,  38.762,   9.058,  -1.000,   0.135,   0.023,
2014,  12,  16,  38.762,   9.058,   0.150,   0.167,   0.038,
2014,  12,  21,  38.762,   9.058,  -1.000,   0.245,   0.065,
2014,  12,  23,  38.762,   9.058,  -1.000,   0.315,   0.033,
2014,  12,  25,  38.762,   9.058,  -1.000,   0.148,   0.036,
2014,  12,  26,  38.762,   9.058,  -1.000,   0.265,   0.037,
2014,  12,  28,  38.762,   9.058,  -1.000,   0.286,   0.010,
2014,  12,  30,  38.762,   9.058,   0.070,   0.097,   0.072,
2014,  12,  31,  38.762,   9.058,  -1.000,   0.115,  -1.000,
2015,   1,   1,  38.762,   9.058,  -1.000,   0.039,  -1.000,
2015,   1,   3,  38.762,   9.058,  -1.000,   0.058,   0.046,
2015,   1,   4,  38.762,   9.058,   0.180,   0.192,   0.068,
2015,   1,   6,  38.762,   9.058,  -1.000,   0.301,   0.069,
2015,   1,   8,  38.762,   9.058,  -1.000,   0.135,   0.096,
2015,   1,   9,  38.762,   9.058,  -1.000,   0.226,   0.040,
2015,   1,  15,  38.762,   9.058,   0.090,   0.119,   0.064,
2015,   1,  16,  38.762,   9.058,  -1.000,   0.190,  -1.000,
2015,   1,  17,  38.762,   9.058,   0.180,   0.181,   0.030,
2015,   1,  22,  38.762,   9.058,  -1.000,   0.268,   0.046,
2015,   1,  24,  38.762,   9.058,  -1.000,   0.227,   0.050,
2015,   1,  25,  38.762,   9.058,  -1.000,   0.279,   0.040,
2015,   1,  26,  38.762,   9.058,   0.110,   0.088,   0.044,
2015,   1,  28,  38.762,   9.058,  -1.000,   0.033,   0.018,
2015,   1,  31,  38.762,   9.058,  -1.000,   0.043,  -1.000,
2015,   2,   1,  38.762,   9.058,  -1.000,   0.119,  -1.000,
2015,   2,   3,  38.762,   9.058,  -1.000,   0.156,  -1.000,
2015,   2,   4,  38.762,   9.058,  -1.000,   0.101,   0.036,
2015,   2,   5,  38.762,   9.058,  -1.000,   0.327,   0.111,
2015,   2,   9,  38.762,   9.058,   0.200,   0.220,   0.037,
2015,   2,  12,  38.762,   9.058,  -1.000,   0.247,   0.083,
2015,   2,  13,  38.762,   9.058,  -1.000,   0.141,   0.028,
2015,   2,  18,  38.762,   9.058,  -1.000,   0.166,   0.006,
2015,   3,   4,  38.762,   9.058,  -1.000,   0.282,   0.055,
2015,   3,   5,  38.762,   9.058,  -1.000,   0.117,  -1.000,
2015,   3,   6,  38.762,   9.058,   0.160,   0.210,   0.069,
2015,   3,   7,  38.762,   9.058,  -1.000,   0.371,  -1.000,
2015,   3,   8,  38.762,   9.058,  -1.000,   0.151,   0.030,
2015,   3,  13,  38.762,   9.058,  -1.000,   0.415,  -1.000,
2015,   3,  15,  38.762,   9.058,  -1.000,   0.244,   0.005,
2015,   3,  31,  38.762,   9.058,  -1.000,   0.271,  -1.000,
2015,   4,   5,  38.762,   9.058,  -1.000,   0.740,   0.157,
2015,   4,   6,  38.762,   9.058,  -1.000,   0.318,  -1.000,
2015,   4,   8,  38.762,   9.058,  -1.000,   0.528,  -1.000,
2015,   4,  12,  38.762,   9.058,  -1.000,   0.286,  -1.000,
2015,   4,  18,  38.762,   9.058,  -1.000,   0.157,  -1.000,
2015,   4,  19,  38.762,   9.058,  -1.000,   0.213,   0.072,
2015,   4,  21,  38.762,   9.058,   0.110,   0.184,   0.106,
2015,   4,  23,  38.762,   9.058,   0.070,   0.105,   0.036,
2015,   4,  30,  38.762,   9.058,   0.140,   0.186,   0.107,
2015,   5,   1,  38.762,   9.058,  -1.000,   0.336,  -1.000,
2015,   7,  17,  38.762,   9.058,  -1.000,   0.555,  -1.000,
2015,   9,   1,  38.762,   9.058,  -1.000,   0.343,  -1.000,
2015,   9,  30,  38.762,   9.058,   0.150,   0.153,   0.001,
2015,  10,   1,  38.762,   9.058,   0.220,   0.231,   0.004,
2015,  10,   3,  38.762,   9.058,  -1.000,   0.225,  -1.000,
2015,  10,  14,  38.762,   9.058,  -1.000,   0.240,  -1.000,
2015,  10,  16,  38.762,   9.058,   0.150,   0.156,   0.033,
2015,  10,  17,  38.762,   9.058,   0.290,   0.225,   0.105,
2015,  10,  21,  38.762,   9.058,  -1.000,   0.211,  -1.000,
2015,  10,  23,  38.762,   9.058,  -1.000,   0.153,  -1.000,
2015,  10,  24,  38.762,   9.058,  -1.000,   0.155,   0.015,
2015,  11,  15,  38.762,   9.058,   0.000,   0.045,   0.043,
2015,  11,  20,  38.762,   9.058,   0.070,   0.085,   0.063,
2015,  11,  22,  38.762,   9.058,   0.050,   0.126,   0.073,
2015,  11,  24,  38.762,   9.058,  -1.000,   0.147,   0.061,
2015,  11,  25,  38.762,   9.058,  -1.000,   0.277,   0.000,
2015,  12,   1,  38.762,   9.058,  -1.000,   0.171,  -1.000,
2015,  12,   3,  38.762,   9.058,   0.140,   0.142,   0.033,
2015,  12,   4,  38.762,   9.058,  -1.000,   0.194,   0.077,
2015,  12,  20,  38.762,   9.058,  -1.000,   0.281,  -1.000,
2015,  12,  21,  38.762,   9.058,  -1.000,   0.093,   0.066,
2015,  12,  22,  38.762,   9.058,   0.160,   0.122,   0.075,
2015,  12,  24,  38.762,   9.058,  -1.000,   0.108,   0.139,
2015,  12,  28,  38.762,   9.058,  -1.000,   0.090,   0.064,
2015,  12,  29,  38.762,   9.058,  -1.000,   0.033,   0.006,
2016,   1,   6,  38.762,   9.058,  -1.000,   0.138,  -1.000,
2016,   1,   9,  38.762,   9.058,  -1.000,   0.298,   0.089,
2016,   1,  16,  38.762,   9.058,  -1.000,   0.153,  -1.000,
2016,   1,  23,  38.762,   9.058,  -1.000,   0.272,  -1.000,
2016,   1,  25,  38.762,   9.058,  -1.000,   0.155,   0.153,
2016,   2,   1,  38.762,   9.058,  -1.000,   0.167,  -1.000,
2016,   2,   3,  38.762,   9.058,  -0.040,   0.048,   0.055,
2016,   2,   4,  38.762,   9.058,   0.170,   0.101,   0.069,
2016,   2,   5,  38.762,   9.058,   0.040,   0.086,   0.055,
2016,   2,  11,  38.762,   9.058,  -1.000,   0.121,   0.071,
2016,   2,  12,  38.762,   9.058,  -1.000,   0.133,   0.029,
2016,   2,  13,  38.762,   9.058,  -1.000,   0.128,   0.046,
2016,   2,  14,  38.762,   9.058,  -1.000,   0.161,   0.031,
2016,   2,  15,  38.762,   9.058,  -1.000,   0.254,  -1.000,
2016,   2,  17,  38.762,   9.058,  -1.000,   0.458,   0.029,
2016,   2,  19,  38.762,   9.058,  -1.000,   0.275,   0.022,
2016,   2,  20,  38.762,   9.058,   0.160,   0.146,   0.027,
2016,   2,  21,  38.762,   9.058,   0.240,   0.208,   0.035,
2016,   2,  22,  38.762,   9.058,   0.280,   0.231,   0.048,
2016,   2,  23,  38.762,   9.058,  -1.000,   0.326,   0.043,
2016,   2,  26,  38.762,   9.058,  -1.000,   0.126,  -1.000,
2016,   2,  28,  38.762,   9.058,  -1.000,   0.058,   0.020,
2016,   2,  29,  38.762,   9.058,  -1.000,   0.067,   0.036,
2016,   3,   1,  38.762,   9.058,  -1.000,   0.087,   0.024,
2016,   3,  13,  38.762,   9.058,  -1.000,   0.191,   0.044,
2016,   3,  15,  38.762,   9.058,  -1.000,   0.156,   0.121,
2016,   3,  16,  38.762,   9.058,  -1.000,   0.118,   0.022,
2016,   3,  17,  38.762,   9.058,  -1.000,   0.144,   0.011,
2016,   4,  23,  38.762,   9.058,  -1.000,   0.103,  -1.000,
2016,   5,  18,  38.762,   9.058,  -1.000,   0.270,  -1.000,
2016,   6,   1,  38.762,   9.058,  -1.000,   0.288,  -1.000,
2016,   6,  12,  38.762,   9.058,   0.260,   0.263,   0.020,
2016,   7,  17,  38.762,   9.058,  -1.000,   0.466,  -1.000,
2016,   9,   5,  38.762,   9.058,   0.170,   0.232,   0.046,
2016,   9,   7,  38.762,   9.058,  -1.000,   0.381,  -1.000,
2016,  10,   7,  38.762,   9.058,  -1.000,   0.201,  -1.000,
2016,  10,   9,  38.762,   9.058,  -1.000,   0.179,  -1.000,
2016,  10,  14,  38.762,   9.058,  -1.000,   0.293,  -1.000,
2016,  10,  18,  38.762,   9.058,   0.160,   0.152,   0.038,
2016,  10,  27,  38.762,   9.058,  -1.000,   0.179,   0.010,
2016,  10,  30,  38.762,   9.058,   0.040,   0.045,   0.036,
2016,  11,   1,  38.762,   9.058,   0.050,   0.087,   0.053,
2016,  11,   2,  38.762,   9.058,   0.100,   0.097,   0.008,
2016,  11,   3,  38.762,   9.058,   0.070,   0.088,   0.047,
2016,  11,   4,  38.762,   9.058,  -1.000,   0.187,   0.080,
2016,  11,   5,  38.762,   9.058,  -1.000,   0.096,   0.011,
2016,  11,   6,  38.762,   9.058,  -1.000,   0.193,   0.019,
2016,  11,  10,  38.762,   9.058,   0.090,   0.128,   0.069,
2016,  11,  13,  38.762,   9.058,   0.070,   0.054,   0.025,
2016,  11,  15,  38.762,   9.058,   0.070,   0.122,   0.078,
2016,  11,  21,  38.762,   9.058,  -1.000,   0.079,  -1.000,
2016,  11,  29,  38.762,   9.058,  -1.000,   0.111,   0.073,
2016,  12,   3,  38.762,   9.058,   0.050,   0.070,   0.049,
2016,  12,   4,  38.762,   9.058,  -1.000,   0.019,   0.002,
2016,  12,   5,  38.762,   9.058,   0.030,   0.078,   0.050,
2016,  12,   6,  38.762,   9.058,   0.020,   0.031,   0.015,
2016,  12,   7,  38.762,   9.058,  -1.000,   0.106,   0.029,
2016,  12,   8,  38.762,   9.058,  -1.000,   0.140,   0.071,
2016,  12,  10,  38.762,   9.058,   0.000,   0.109,   0.084,
2016,  12,  12,  38.762,   9.058,  -1.000,   0.105,   0.057,
2016,  12,  13,  38.762,   9.058,  -1.000,   0.173,  -1.000,
2016,  12,  14,  38.762,   9.058,  -1.000,   0.156,   0.018,
2016,  12,  15,  38.762,   9.058,  -1.000,   0.261,  -1.000,
2016,  12,  17,  38.762,   9.058,  -1.000,   0.256,  -1.000,
2016,  12,  19,  38.762,   9.058,   0.050,   0.083,   0.062,
2016,  12,  20,  38.762,   9.058,  -1.000,   0.080,  -1.000,
2016,  12,  23,  38.762,   9.058,   0.080,   0.042,   0.033,
2016,  12,  24,  38.762,   9.058,   0.020,   0.103,   0.073,
2016,  12,  26,  38.762,   9.058,  -1.000,   0.116,  -1.000,
2017,   1,   2,  38.762,   9.058,  -1.000,   0.090,   0.055,
2017,   1,  13,  38.762,   9.058,  -1.000,   0.094,  -1.000,
2017,   1,  14,  38.762,   9.058,  -1.000,   0.113,  -1.000,
2017,   1,  15,  38.762,   9.058,  -1.000,   0.131,   0.039,
2017,   1,  18,  38.762,   9.058,  -1.000,   0.039,  -1.000,
2017,   1,  20,  38.762,   9.058,   0.130,   0.194,   0.072,
2017,   1,  22,  38.762,   9.058,  -1.000,   0.176,   0.071,
2017,   1,  23,  38.762,   9.058,  -1.000,   0.221,   0.095,
2017,   1,  25,  38.762,   9.058,  -1.000,   0.274,   0.078,
2017,   1,  27,  38.762,   9.058,  -1.000,   0.346,   0.070,
2017,   2,   1,  38.762,   9.058,  -1.000,   0.341,   0.081,
2017,   2,   2,  38.762,   9.058,  -1.000,   0.073,  -1.000,
2017,   2,   3,  38.762,   9.058,  -1.000,   0.258,   0.129,
2017,   2,   7,  38.762,   9.058,  -1.000,   0.245,  -1.000,
2017,   2,   9,  38.762,   9.058,  -1.000,   0.131,   0.013,
2017,   2,  10,  38.762,   9.058,  -1.000,   0.293,   0.016,
2017,   2,  21,  38.762,   9.058,  -1.000,   0.173,   0.091,
2017,   3,   7,  38.762,   9.058,  -1.000,   0.263,   0.080,
2017,   3,   9,  38.762,   9.058,  -1.000,   0.246,   0.117,
2017,   3,  11,  38.762,   9.058,   0.110,   0.120,   0.016,
2017,   3,  16,  38.762,   9.058,   0.080,   0.157,   0.087,
2017,   4,   1,  38.762,   9.058,  -1.000,   0.297,  -1.000,
2017,   4,  10,  38.762,   9.058,   0.020,   0.147,   0.154,
2017,   4,  11,  38.762,   9.058,  -1.000,   0.038,  -1.000,
2017,   4,  12,  38.762,   9.058,   0.060,   0.081,   0.029,
2017,   4,  17,  38.762,   9.058,  -1.000,   0.216,   0.110,
2017,   4,  23,  38.762,   9.058,  -1.000,   0.108,  -1.000,
2017,   5,  10,  38.762,   9.058,  -1.000,   0.181,   0.034,
2017,   5,  12,  38.762,   9.058,  -1.000,   0.182,   0.012,
2017,   7,   1,  38.762,   9.058,  -1.000,   0.703,  -1.000,
2017,   7,  15,  38.762,   9.058,   0.320,   0.368,   0.064,
2017,   8,  21,  38.762,   9.058,  -1.000,   0.391,  -1.000,
2017,  10,   3,  38.762,   9.058,  -1.000,   0.135,   0.007,
2017,  10,  13,  38.762,   9.058,  -1.000,   0.195,  -1.000,
2017,  10,  21,  38.762,   9.058,  -1.000,   0.148,  -1.000,
2017,  10,  24,  38.762,   9.058,  -1.000,   0.315,  -1.000,
2017,  10,  26,  38.762,   9.058,   0.070,   0.088,   0.034,
2017,  10,  28,  38.762,   9.058,  -1.000,   0.131,  -1.000,
2017,  11,   2,  38.762,   9.058,  -1.000,   0.198,  -1.000,
2017,  11,   9,  38.762,   9.058,   0.210,   0.235,   0.049,
2017,  11,  11,  38.762,   9.058,  -1.000,   0.197,  -1.000,
2017,  11,  13,  38.762,   9.058,   0.110,   0.148,   0.070,
2017,  11,  14,  38.762,   9.058,  -1.000,   0.102,   0.025,
2017,  11,  15,  38.762,   9.058,  -1.000,   0.096,   0.017,
2017,  11,  20,  38.762,   9.058,   0.100,   0.117,   0.061,
2017,  11,  21,  38.762,   9.058,  -1.000,   0.367,  -1.000,
2017,  11,  22,  38.762,   9.058,   0.150,   0.192,   0.036,
2017,  11,  25,  38.762,   9.058,  -1.000,   0.368,  -1.000,
2017,  11,  27,  38.762,   9.058,   0.030,   0.098,   0.084,
2017,  11,  30,  38.762,   9.058,  -1.000,   0.088,   0.057,
2017,  12,   1,  38.762,   9.058,  -1.000,   0.084,   0.030,
2017,  12,   2,  38.762,   9.058,  -1.000,   0.043,   0.043,
2017,  12,   4,  38.762,   9.058,   0.080,   0.089,   0.048,
2017,  12,   6,  38.762,   9.058,  -1.000,   0.351,   0.074,
2017,  12,   8,  38.762,   9.058,   0.200,   0.200,  -1.000,
2017,  12,   9,  38.762,   9.058,  -1.000,   0.201,   0.107,
2017,  12,  11,  38.762,   9.058,  -1.000,   0.217,   0.053,
2017,  12,  13,  38.762,   9.058,  -1.000,   0.280,  -1.000,
2017,  12,  15,  38.762,   9.058,  -1.000,   0.281,   0.079,
2017,  12,  16,  38.762,   9.058,  -1.000,   0.219,  -1.000,
2017,  12,  20,  38.762,   9.058,  -1.000,   0.206,   0.105,
2017,  12,  22,  38.762,   9.058,  -1.000,   0.129,   0.090,
2017,  12,  23,  38.762,   9.058,  -1.000,   0.128,  -1.000,
2017,  12,  24,  38.762,   9.058,   0.110,   0.162,   0.049,
2017,  12,  25,  38.762,   9.058,  -1.000,   0.194,   0.093,
2017,  12,  26,  38.762,   9.058,  -1.000,   0.079,   0.038,
2017,  12,  27,  38.762,   9.058,  -1.000,   0.232,   0.050,
2017,  12,  29,  38.762,   9.058,  -1.000,   0.176,   0.090,
2017,  12,  30,  38.762,   9.058,  -1.000,   0.156,  -1.000,
2017,  12,  31,  38.762,   9.058,  -1.000,   0.153,   0.051,
2018,   1,   1,  38.762,   9.058,  -1.000,   0.253,   0.010,
2018,   1,   2,  38.762,   9.058,  -1.000,   0.160,   0.043,
2018,   1,   3,  38.762,   9.058,  -1.000,   0.452,  -1.000,
2018,   1,   5,  38.762,   9.058,  -1.000,   0.276,   0.061,
2018,   1,  12,  38.762,   9.058,  -1.000,   0.375,   0.053,
2018,   1,  15,  38.762,   9.058,  -1.000,   0.138,  -1.000,
2018,   1,  16,  38.762,   9.058,  -1.000,   0.170,   0.088,
2018,   2,   6,  38.762,   9.058,  -1.000,   0.202,   0.048,
2018,   2,   8,  38.762,   9.058,  -1.000,   0.210,   0.097,
2018,   2,  13,  38.762,   9.058,  -1.000,   0.364,  -1.000,
2018,   2,  15,  38.762,   9.058,  -1.000,   0.195,   0.114,
2018,   3,  10,  38.762,   9.058,  -1.000,   0.228,   0.079,
2018,   3,  12,  38.762,   9.058,  -1.000,   0.423,  -1.000,
2018,   3,  26,  38.762,   9.058,   0.120,   0.225,   0.116,
2018,   6,   7,  38.762,   9.058,  -1.000,   0.219,  -1.000,
2018,   6,  14,  38.762,   9.058,  -1.000,   0.653,  -1.000,
2018,   6,  16,  38.762,   9.058,  -1.000,   0.677,  -1.000,
2018,   6,  30,  38.762,   9.058,  -1.000,   0.712,  -1.000,
2018,   9,  16,  38.762,   9.058,  -1.000,   0.326,  -1.000,
2018,  10,  11,  38.762,   9.058,  -1.000,   0.211,  -1.000,
2018,  10,  20,  38.762,   9.058,   0.060,   0.068,   0.031,
2018,  10,  27,  38.762,   9.058,   0.050,   0.076,   0.047,
2018,  10,  29,  38.762,   9.058,   0.080,   0.137,   0.035,
2018,  11,   1,  38.762,   9.058,  -1.000,   0.115,   0.020,
2018,  11,   2,  38.762,   9.058,  -1.000,   0.138,   0.008,
2018,  11,  12,  38.762,   9.058,   0.030,   0.083,   0.047,
2018,  11,  14,  38.762,   9.058,  -1.000,   0.049,   0.013,
2018,  11,  18,  38.762,   9.058,  -1.000,   0.089,   0.006,
2018,  11,  19,  38.762,   9.058,   0.050,   0.037,   0.013,
2018,  11,  20,  38.762,   9.058,  -1.000,   0.100,  -1.000,
2018,  11,  21,  38.762,   9.058,  -1.000,   0.101,   0.080,
2018,  11,  23,  38.762,   9.058,   0.070,   0.127,   0.091,
2018,  11,  24,  38.762,   9.058,  -1.000,   0.100,   0.106,
2018,  11,  28,  38.762,   9.058,  -1.000,   0.069,   0.065,
2018,  11,  30,  38.762,   9.058,   0.000,   0.127,   0.102,
2018,  12,   3,  38.762,   9.058,  -1.000,   0.149,   0.059,
2018,  12,   4,  38.762,   9.058,  -1.000,   0.121,   0.019,
2018,  12,   5,  38.762,   9.058,  -1.000,   0.151,   0.110,
2018,  12,  11,  38.762,   9.058,   0.090,   0.111,   0.063,
2018,  12,  12,  38.762,   9.058,  -1.000,   0.247,  -1.000,
2018,  12,  13,  38.762,   9.058,  -1.000,   0.113,  -1.000,
2018,  12,  14,  38.762,   9.058,  -1.000,   0.132,   0.105,
2018,  12,  16,  38.762,   9.058,  -1.000,   0.278,   0.068,
2018,  12,  20,  38.762,   9.058,  -1.000,   0.203,   0.021,
2018,  12,  25,  38.762,   9.058,   0.030,   0.067,   0.070,
2018,  12,  26,  38.762,   9.058,  -1.000,   0.117,  -1.000,
2018,  12,  27,  38.762,   9.058,   0.130,   0.157,   0.049,
2019,   1,   1,  38.762,   9.058,   0.030,   0.087,   0.091,
2019,   1,   3,  38.762,   9.058,  -1.000,   0.181,   0.096,
2019,   1,   5,  38.762,   9.058,  -1.000,   0.061,   0.023,
2019,   1,  10,  38.762,   9.058,  -1.000,   0.150,   0.080,
2019,   1,  11,  38.762,   9.058,  -1.000,   0.098,  -1.000,
2019,   1,  12,  38.762,   9.058,  -1.000,   0.017,  -1.000,
2019,   1,  14,  38.762,   9.058,  -1.000,   0.042,   0.024,
2019,   1,  15,  38.762,   9.058,  -1.000,   0.208,   0.092,
2019,   1,  17,  38.762,   9.058,   0.040,   0.127,   0.110,
2019,   1,  19,  38.762,   9.058,  -1.000,   0.172,   0.079,
2019,   1,  21,  38.762,   9.058,  -1.000,   0.158,   0.036,
2019,   1,  22,  38.762,   9.058,  -1.000,   0.275,   0.028,
2019,   1,  24,  38.762,   9.058,  -1.000,   0.310,   0.099,
2019,   1,  26,  38.762,   9.058,  -1.000,   0.328,   0.050,
2019,   1,  28,  38.762,   9.058,  -1.000,   0.159,   0.096,
2019,   1,  29,  38.762,   9.058,  -1.000,   0.171,   0.148,
2019,   1,  30,  38.762,   9.058,   0.110,   0.081,   0.030,
2019,   1,  31,  38.762,   9.058,  -1.000,   0.299,   0.024,
2019,   2,   2,  38.762,   9.058,  -1.000,   0.288,   0.065,
2019,   2,   4,  38.762,   9.058,  -1.000,   0.101,   0.060,
2019,   2,   5,  38.762,   9.058,  -1.000,   0.219,  -1.000,
2019,   2,   6,  38.762,   9.058,  -1.000,   0.326,   0.025,
2019,   2,   9,  38.762,   9.058,  -1.000,   0.360,   0.030,
2019,   2,  25,  38.762,   9.058,  -1.000,   0.243,  -1.000,
2019,   2,  27,  38.762,   9.058,   0.040,   0.168,   0.122,
2019,   3,  10,  38.762,   9.058,  -1.000,   0.237,   0.080,
2019,   3,  15,  38.762,   9.058,  -1.000,   0.176,   0.108,
2019,   3,  22,  38.762,   9.058,  -1.000,   0.210,   0.146,
2019,   3,  24,  38.762,   9.058,   0.170,   0.179,  -1.000,
